outcome_code,outcome_label,family,diet,omitted_iso3,fit_status,fit_error
daly,Dementia DALY rate,Health,mPHDI,AFG,SUCCESS,
daly,Dementia DALY rate,Health,mPHDI,AGO,SUCCESS,
daly,Dementia DALY rate,Health,mPHDI,ALB,SUCCESS,
daly,Dementia DALY rate,Health,mPHDI,ARE,SUCCESS,
daly,Dementia DALY rate,Health,mPHDI,ARG,SUCCESS,
daly,Dementia DALY rate,Health,mPHDI,ARM,SUCCESS,
daly,Dementia DALY rate,Health,mPHDI,ATG,SUCCESS,
daly,Dementia DALY rate,Health,mPHDI,AUS,SUCCESS,
daly,Dementia DALY rate,Health,mPHDI,AUT,SUCCESS,
daly,Dementia DALY rate,Health,mPHDI,AZE,SUCCESS,
daly,Dementia DALY rate,Health,mPHDI,BDI,SUCCESS,
daly,Dementia DALY rate,Health,mPHDI,BEL,SUCCESS,
daly,Dementia DALY rate,Health,mPHDI,BEN,SUCCESS,
daly,Dementia DALY rate,Health,mPHDI,BFA,SUCCESS,
daly,Dementia DALY rate,Health,mPHDI,BGD,SUCCESS,
daly,Dementia DALY rate,Health,mPHDI,BGR,SUCCESS,
daly,Dementia DALY rate,Health,mPHDI,BHR,SUCCESS,
daly,Dementia DALY rate,Health,mPHDI,BHS,SUCCESS,
daly,Dementia DALY rate,Health,mPHDI,BIH,SUCCESS,
daly,Dementia DALY rate,Health,mPHDI,BLR,SUCCESS,
daly,Dementia DALY rate,Health,mPHDI,BLZ,SUCCESS,
daly,Dementia DALY rate,Health,mPHDI,BOL,SUCCESS,
daly,Dementia DALY rate,Health,mPHDI,BRA,SUCCESS,
daly,Dementia DALY rate,Health,mPHDI,BRB,SUCCESS,
daly,Dementia DALY rate,Health,mPHDI,BRN,SUCCESS,
daly,Dementia DALY rate,Health,mPHDI,BTN,SUCCESS,
daly,Dementia DALY rate,Health,mPHDI,BWA,SUCCESS,
daly,Dementia DALY rate,Health,mPHDI,CAF,SUCCESS,
daly,Dementia DALY rate,Health,mPHDI,CAN,SUCCESS,
daly,Dementia DALY rate,Health,mPHDI,CHE,SUCCESS,
daly,Dementia DALY rate,Health,mPHDI,CHL,SUCCESS,
daly,Dementia DALY rate,Health,mPHDI,CHN,SUCCESS,
daly,Dementia DALY rate,Health,mPHDI,CIV,SUCCESS,
daly,Dementia DALY rate,Health,mPHDI,CMR,SUCCESS,
daly,Dementia DALY rate,Health,mPHDI,COD,SUCCESS,
daly,Dementia DALY rate,Health,mPHDI,COG,SUCCESS,
daly,Dementia DALY rate,Health,mPHDI,COL,SUCCESS,
daly,Dementia DALY rate,Health,mPHDI,COM,SUCCESS,
daly,Dementia DALY rate,Health,mPHDI,CPV,SUCCESS,
daly,Dementia DALY rate,Health,mPHDI,CRI,SUCCESS,
daly,Dementia DALY rate,Health,mPHDI,CUB,SUCCESS,
daly,Dementia DALY rate,Health,mPHDI,CYP,SUCCESS,
daly,Dementia DALY rate,Health,mPHDI,CZE,SUCCESS,
daly,Dementia DALY rate,Health,mPHDI,DEU,SUCCESS,
daly,Dementia DALY rate,Health,mPHDI,DJI,SUCCESS,
daly,Dementia DALY rate,Health,mPHDI,DMA,SUCCESS,
daly,Dementia DALY rate,Health,mPHDI,DNK,SUCCESS,
daly,Dementia DALY rate,Health,mPHDI,DOM,SUCCESS,
daly,Dementia DALY rate,Health,mPHDI,DZA,SUCCESS,
daly,Dementia DALY rate,Health,mPHDI,ECU,SUCCESS,
daly,Dementia DALY rate,Health,mPHDI,EGY,SUCCESS,
daly,Dementia DALY rate,Health,mPHDI,ERI,SUCCESS,
daly,Dementia DALY rate,Health,mPHDI,ESP,SUCCESS,
daly,Dementia DALY rate,Health,mPHDI,EST,SUCCESS,
daly,Dementia DALY rate,Health,mPHDI,ETH,SUCCESS,
daly,Dementia DALY rate,Health,mPHDI,FIN,SUCCESS,
daly,Dementia DALY rate,Health,mPHDI,FJI,SUCCESS,
daly,Dementia DALY rate,Health,mPHDI,FRA,SUCCESS,
daly,Dementia DALY rate,Health,mPHDI,FSM,SUCCESS,
daly,Dementia DALY rate,Health,mPHDI,GAB,SUCCESS,
daly,Dementia DALY rate,Health,mPHDI,GBR,SUCCESS,
daly,Dementia DALY rate,Health,mPHDI,GEO,SUCCESS,
daly,Dementia DALY rate,Health,mPHDI,GHA,SUCCESS,
daly,Dementia DALY rate,Health,mPHDI,GIN,SUCCESS,
daly,Dementia DALY rate,Health,mPHDI,GMB,SUCCESS,
daly,Dementia DALY rate,Health,mPHDI,GNB,SUCCESS,
daly,Dementia DALY rate,Health,mPHDI,GNQ,SUCCESS,
daly,Dementia DALY rate,Health,mPHDI,GRC,SUCCESS,
daly,Dementia DALY rate,Health,mPHDI,GRD,SUCCESS,
daly,Dementia DALY rate,Health,mPHDI,GTM,SUCCESS,
daly,Dementia DALY rate,Health,mPHDI,GUY,SUCCESS,
daly,Dementia DALY rate,Health,mPHDI,HND,SUCCESS,
daly,Dementia DALY rate,Health,mPHDI,HRV,SUCCESS,
daly,Dementia DALY rate,Health,mPHDI,HTI,SUCCESS,
daly,Dementia DALY rate,Health,mPHDI,HUN,SUCCESS,
daly,Dementia DALY rate,Health,mPHDI,IDN,SUCCESS,
daly,Dementia DALY rate,Health,mPHDI,IND,SUCCESS,
daly,Dementia DALY rate,Health,mPHDI,IRL,SUCCESS,
daly,Dementia DALY rate,Health,mPHDI,IRN,SUCCESS,
daly,Dementia DALY rate,Health,mPHDI,IRQ,SUCCESS,
daly,Dementia DALY rate,Health,mPHDI,ISL,SUCCESS,
daly,Dementia DALY rate,Health,mPHDI,ISR,SUCCESS,
daly,Dementia DALY rate,Health,mPHDI,ITA,SUCCESS,
daly,Dementia DALY rate,Health,mPHDI,JAM,SUCCESS,
daly,Dementia DALY rate,Health,mPHDI,JOR,SUCCESS,
daly,Dementia DALY rate,Health,mPHDI,JPN,SUCCESS,
daly,Dementia DALY rate,Health,mPHDI,KAZ,SUCCESS,
daly,Dementia DALY rate,Health,mPHDI,KEN,SUCCESS,
daly,Dementia DALY rate,Health,mPHDI,KGZ,SUCCESS,
daly,Dementia DALY rate,Health,mPHDI,KHM,SUCCESS,
daly,Dementia DALY rate,Health,mPHDI,KIR,SUCCESS,
daly,Dementia DALY rate,Health,mPHDI,KOR,SUCCESS,
daly,Dementia DALY rate,Health,mPHDI,KWT,SUCCESS,
daly,Dementia DALY rate,Health,mPHDI,LAO,SUCCESS,
daly,Dementia DALY rate,Health,mPHDI,LBN,SUCCESS,
daly,Dementia DALY rate,Health,mPHDI,LBR,SUCCESS,
daly,Dementia DALY rate,Health,mPHDI,LBY,SUCCESS,
daly,Dementia DALY rate,Health,mPHDI,LCA,SUCCESS,
daly,Dementia DALY rate,Health,mPHDI,LKA,SUCCESS,
daly,Dementia DALY rate,Health,mPHDI,LSO,SUCCESS,
daly,Dementia DALY rate,Health,mPHDI,LTU,SUCCESS,
daly,Dementia DALY rate,Health,mPHDI,LUX,SUCCESS,
daly,Dementia DALY rate,Health,mPHDI,LVA,SUCCESS,
daly,Dementia DALY rate,Health,mPHDI,MAR,SUCCESS,
daly,Dementia DALY rate,Health,mPHDI,MDA,SUCCESS,
daly,Dementia DALY rate,Health,mPHDI,MDG,SUCCESS,
daly,Dementia DALY rate,Health,mPHDI,MDV,SUCCESS,
daly,Dementia DALY rate,Health,mPHDI,MEX,SUCCESS,
daly,Dementia DALY rate,Health,mPHDI,MHL,SUCCESS,
daly,Dementia DALY rate,Health,mPHDI,MKD,SUCCESS,
daly,Dementia DALY rate,Health,mPHDI,MLI,SUCCESS,
daly,Dementia DALY rate,Health,mPHDI,MLT,SUCCESS,
daly,Dementia DALY rate,Health,mPHDI,MMR,SUCCESS,
daly,Dementia DALY rate,Health,mPHDI,MNE,SUCCESS,
daly,Dementia DALY rate,Health,mPHDI,MNG,SUCCESS,
daly,Dementia DALY rate,Health,mPHDI,MOZ,SUCCESS,
daly,Dementia DALY rate,Health,mPHDI,MRT,SUCCESS,
daly,Dementia DALY rate,Health,mPHDI,MUS,SUCCESS,
daly,Dementia DALY rate,Health,mPHDI,MWI,SUCCESS,
daly,Dementia DALY rate,Health,mPHDI,MYS,SUCCESS,
daly,Dementia DALY rate,Health,mPHDI,NAM,SUCCESS,
daly,Dementia DALY rate,Health,mPHDI,NER,SUCCESS,
daly,Dementia DALY rate,Health,mPHDI,NGA,SUCCESS,
daly,Dementia DALY rate,Health,mPHDI,NIC,SUCCESS,
daly,Dementia DALY rate,Health,mPHDI,NLD,SUCCESS,
daly,Dementia DALY rate,Health,mPHDI,NOR,SUCCESS,
daly,Dementia DALY rate,Health,mPHDI,NPL,SUCCESS,
daly,Dementia DALY rate,Health,mPHDI,NZL,SUCCESS,
daly,Dementia DALY rate,Health,mPHDI,OMN,SUCCESS,
daly,Dementia DALY rate,Health,mPHDI,PAK,SUCCESS,
daly,Dementia DALY rate,Health,mPHDI,PAN,SUCCESS,
daly,Dementia DALY rate,Health,mPHDI,PER,SUCCESS,
daly,Dementia DALY rate,Health,mPHDI,PHL,SUCCESS,
daly,Dementia DALY rate,Health,mPHDI,PNG,SUCCESS,
daly,Dementia DALY rate,Health,mPHDI,POL,SUCCESS,
daly,Dementia DALY rate,Health,mPHDI,PRT,SUCCESS,
daly,Dementia DALY rate,Health,mPHDI,PRY,SUCCESS,
daly,Dementia DALY rate,Health,mPHDI,PSE,SUCCESS,
daly,Dementia DALY rate,Health,mPHDI,QAT,SUCCESS,
daly,Dementia DALY rate,Health,mPHDI,ROU,SUCCESS,
daly,Dementia DALY rate,Health,mPHDI,RUS,SUCCESS,
daly,Dementia DALY rate,Health,mPHDI,RWA,SUCCESS,
daly,Dementia DALY rate,Health,mPHDI,SAU,SUCCESS,
daly,Dementia DALY rate,Health,mPHDI,SDN,SUCCESS,
daly,Dementia DALY rate,Health,mPHDI,SEN,SUCCESS,
daly,Dementia DALY rate,Health,mPHDI,SGP,SUCCESS,
daly,Dementia DALY rate,Health,mPHDI,SLB,SUCCESS,
daly,Dementia DALY rate,Health,mPHDI,SLE,SUCCESS,
daly,Dementia DALY rate,Health,mPHDI,SLV,SUCCESS,
daly,Dementia DALY rate,Health,mPHDI,SRB,SUCCESS,
daly,Dementia DALY rate,Health,mPHDI,SSD,SUCCESS,
daly,Dementia DALY rate,Health,mPHDI,STP,SUCCESS,
daly,Dementia DALY rate,Health,mPHDI,SUR,SUCCESS,
daly,Dementia DALY rate,Health,mPHDI,SVK,SUCCESS,
daly,Dementia DALY rate,Health,mPHDI,SVN,SUCCESS,
daly,Dementia DALY rate,Health,mPHDI,SWE,SUCCESS,
daly,Dementia DALY rate,Health,mPHDI,SWZ,SUCCESS,
daly,Dementia DALY rate,Health,mPHDI,SYC,SUCCESS,
daly,Dementia DALY rate,Health,mPHDI,SYR,SUCCESS,
daly,Dementia DALY rate,Health,mPHDI,TCD,SUCCESS,
daly,Dementia DALY rate,Health,mPHDI,TGO,SUCCESS,
daly,Dementia DALY rate,Health,mPHDI,THA,SUCCESS,
daly,Dementia DALY rate,Health,mPHDI,TJK,SUCCESS,
daly,Dementia DALY rate,Health,mPHDI,TKM,SUCCESS,
daly,Dementia DALY rate,Health,mPHDI,TLS,SUCCESS,
daly,Dementia DALY rate,Health,mPHDI,TON,SUCCESS,
daly,Dementia DALY rate,Health,mPHDI,TTO,SUCCESS,
daly,Dementia DALY rate,Health,mPHDI,TUN,SUCCESS,
daly,Dementia DALY rate,Health,mPHDI,TUR,SUCCESS,
daly,Dementia DALY rate,Health,mPHDI,TWN,SUCCESS,
daly,Dementia DALY rate,Health,mPHDI,TZA,SUCCESS,
daly,Dementia DALY rate,Health,mPHDI,UGA,SUCCESS,
daly,Dementia DALY rate,Health,mPHDI,UKR,SUCCESS,
daly,Dementia DALY rate,Health,mPHDI,URY,SUCCESS,
daly,Dementia DALY rate,Health,mPHDI,USA,SUCCESS,
daly,Dementia DALY rate,Health,mPHDI,UZB,SUCCESS,
daly,Dementia DALY rate,Health,mPHDI,VCT,SUCCESS,
daly,Dementia DALY rate,Health,mPHDI,VEN,SUCCESS,
daly,Dementia DALY rate,Health,mPHDI,VNM,SUCCESS,
daly,Dementia DALY rate,Health,mPHDI,VUT,SUCCESS,
daly,Dementia DALY rate,Health,mPHDI,WSM,SUCCESS,
daly,Dementia DALY rate,Health,mPHDI,YEM,SUCCESS,
daly,Dementia DALY rate,Health,mPHDI,ZAF,SUCCESS,
daly,Dementia DALY rate,Health,mPHDI,ZMB,SUCCESS,
daly,Dementia DALY rate,Health,mPHDI,ZWE,SUCCESS,
daly,Dementia DALY rate,Health,MED,AFG,SUCCESS,
daly,Dementia DALY rate,Health,MED,AGO,SUCCESS,
daly,Dementia DALY rate,Health,MED,ALB,SUCCESS,
daly,Dementia DALY rate,Health,MED,ARE,SUCCESS,
daly,Dementia DALY rate,Health,MED,ARG,SUCCESS,
daly,Dementia DALY rate,Health,MED,ARM,SUCCESS,
daly,Dementia DALY rate,Health,MED,ATG,SUCCESS,
daly,Dementia DALY rate,Health,MED,AUS,SUCCESS,
daly,Dementia DALY rate,Health,MED,AUT,SUCCESS,
daly,Dementia DALY rate,Health,MED,AZE,SUCCESS,
daly,Dementia DALY rate,Health,MED,BDI,SUCCESS,
daly,Dementia DALY rate,Health,MED,BEL,SUCCESS,
daly,Dementia DALY rate,Health,MED,BEN,SUCCESS,
daly,Dementia DALY rate,Health,MED,BFA,SUCCESS,
daly,Dementia DALY rate,Health,MED,BGD,SUCCESS,
daly,Dementia DALY rate,Health,MED,BGR,SUCCESS,
daly,Dementia DALY rate,Health,MED,BHR,SUCCESS,
daly,Dementia DALY rate,Health,MED,BHS,SUCCESS,
daly,Dementia DALY rate,Health,MED,BIH,SUCCESS,
daly,Dementia DALY rate,Health,MED,BLR,SUCCESS,
daly,Dementia DALY rate,Health,MED,BLZ,SUCCESS,
daly,Dementia DALY rate,Health,MED,BOL,SUCCESS,
daly,Dementia DALY rate,Health,MED,BRA,SUCCESS,
daly,Dementia DALY rate,Health,MED,BRB,SUCCESS,
daly,Dementia DALY rate,Health,MED,BRN,SUCCESS,
daly,Dementia DALY rate,Health,MED,BTN,SUCCESS,
daly,Dementia DALY rate,Health,MED,BWA,SUCCESS,
daly,Dementia DALY rate,Health,MED,CAF,SUCCESS,
daly,Dementia DALY rate,Health,MED,CAN,SUCCESS,
daly,Dementia DALY rate,Health,MED,CHE,SUCCESS,
daly,Dementia DALY rate,Health,MED,CHL,SUCCESS,
daly,Dementia DALY rate,Health,MED,CHN,SUCCESS,
daly,Dementia DALY rate,Health,MED,CIV,SUCCESS,
daly,Dementia DALY rate,Health,MED,CMR,SUCCESS,
daly,Dementia DALY rate,Health,MED,COD,SUCCESS,
daly,Dementia DALY rate,Health,MED,COG,SUCCESS,
daly,Dementia DALY rate,Health,MED,COL,SUCCESS,
daly,Dementia DALY rate,Health,MED,COM,SUCCESS,
daly,Dementia DALY rate,Health,MED,CPV,SUCCESS,
daly,Dementia DALY rate,Health,MED,CRI,SUCCESS,
daly,Dementia DALY rate,Health,MED,CUB,SUCCESS,
daly,Dementia DALY rate,Health,MED,CYP,SUCCESS,
daly,Dementia DALY rate,Health,MED,CZE,SUCCESS,
daly,Dementia DALY rate,Health,MED,DEU,SUCCESS,
daly,Dementia DALY rate,Health,MED,DJI,SUCCESS,
daly,Dementia DALY rate,Health,MED,DMA,SUCCESS,
daly,Dementia DALY rate,Health,MED,DNK,SUCCESS,
daly,Dementia DALY rate,Health,MED,DOM,SUCCESS,
daly,Dementia DALY rate,Health,MED,DZA,SUCCESS,
daly,Dementia DALY rate,Health,MED,ECU,SUCCESS,
daly,Dementia DALY rate,Health,MED,EGY,SUCCESS,
daly,Dementia DALY rate,Health,MED,ERI,SUCCESS,
daly,Dementia DALY rate,Health,MED,ESP,SUCCESS,
daly,Dementia DALY rate,Health,MED,EST,SUCCESS,
daly,Dementia DALY rate,Health,MED,ETH,SUCCESS,
daly,Dementia DALY rate,Health,MED,FIN,SUCCESS,
daly,Dementia DALY rate,Health,MED,FJI,SUCCESS,
daly,Dementia DALY rate,Health,MED,FRA,SUCCESS,
daly,Dementia DALY rate,Health,MED,FSM,SUCCESS,
daly,Dementia DALY rate,Health,MED,GAB,SUCCESS,
daly,Dementia DALY rate,Health,MED,GBR,SUCCESS,
daly,Dementia DALY rate,Health,MED,GEO,SUCCESS,
daly,Dementia DALY rate,Health,MED,GHA,SUCCESS,
daly,Dementia DALY rate,Health,MED,GIN,SUCCESS,
daly,Dementia DALY rate,Health,MED,GMB,SUCCESS,
daly,Dementia DALY rate,Health,MED,GNB,SUCCESS,
daly,Dementia DALY rate,Health,MED,GNQ,SUCCESS,
daly,Dementia DALY rate,Health,MED,GRC,SUCCESS,
daly,Dementia DALY rate,Health,MED,GRD,SUCCESS,
daly,Dementia DALY rate,Health,MED,GTM,SUCCESS,
daly,Dementia DALY rate,Health,MED,GUY,SUCCESS,
daly,Dementia DALY rate,Health,MED,HND,SUCCESS,
daly,Dementia DALY rate,Health,MED,HRV,SUCCESS,
daly,Dementia DALY rate,Health,MED,HTI,SUCCESS,
daly,Dementia DALY rate,Health,MED,HUN,SUCCESS,
daly,Dementia DALY rate,Health,MED,IDN,SUCCESS,
daly,Dementia DALY rate,Health,MED,IND,SUCCESS,
daly,Dementia DALY rate,Health,MED,IRL,SUCCESS,
daly,Dementia DALY rate,Health,MED,IRN,SUCCESS,
daly,Dementia DALY rate,Health,MED,IRQ,SUCCESS,
daly,Dementia DALY rate,Health,MED,ISL,SUCCESS,
daly,Dementia DALY rate,Health,MED,ISR,SUCCESS,
daly,Dementia DALY rate,Health,MED,ITA,SUCCESS,
daly,Dementia DALY rate,Health,MED,JAM,SUCCESS,
daly,Dementia DALY rate,Health,MED,JOR,SUCCESS,
daly,Dementia DALY rate,Health,MED,JPN,SUCCESS,
daly,Dementia DALY rate,Health,MED,KAZ,SUCCESS,
daly,Dementia DALY rate,Health,MED,KEN,SUCCESS,
daly,Dementia DALY rate,Health,MED,KGZ,SUCCESS,
daly,Dementia DALY rate,Health,MED,KHM,SUCCESS,
daly,Dementia DALY rate,Health,MED,KIR,SUCCESS,
daly,Dementia DALY rate,Health,MED,KOR,SUCCESS,
daly,Dementia DALY rate,Health,MED,KWT,SUCCESS,
daly,Dementia DALY rate,Health,MED,LAO,SUCCESS,
daly,Dementia DALY rate,Health,MED,LBN,SUCCESS,
daly,Dementia DALY rate,Health,MED,LBR,SUCCESS,
daly,Dementia DALY rate,Health,MED,LBY,SUCCESS,
daly,Dementia DALY rate,Health,MED,LCA,SUCCESS,
daly,Dementia DALY rate,Health,MED,LKA,SUCCESS,
daly,Dementia DALY rate,Health,MED,LSO,SUCCESS,
daly,Dementia DALY rate,Health,MED,LTU,SUCCESS,
daly,Dementia DALY rate,Health,MED,LUX,SUCCESS,
daly,Dementia DALY rate,Health,MED,LVA,SUCCESS,
daly,Dementia DALY rate,Health,MED,MAR,SUCCESS,
daly,Dementia DALY rate,Health,MED,MDA,SUCCESS,
daly,Dementia DALY rate,Health,MED,MDG,SUCCESS,
daly,Dementia DALY rate,Health,MED,MDV,SUCCESS,
daly,Dementia DALY rate,Health,MED,MEX,SUCCESS,
daly,Dementia DALY rate,Health,MED,MHL,SUCCESS,
daly,Dementia DALY rate,Health,MED,MKD,SUCCESS,
daly,Dementia DALY rate,Health,MED,MLI,SUCCESS,
daly,Dementia DALY rate,Health,MED,MLT,SUCCESS,
daly,Dementia DALY rate,Health,MED,MMR,SUCCESS,
daly,Dementia DALY rate,Health,MED,MNE,SUCCESS,
daly,Dementia DALY rate,Health,MED,MNG,SUCCESS,
daly,Dementia DALY rate,Health,MED,MOZ,SUCCESS,
daly,Dementia DALY rate,Health,MED,MRT,SUCCESS,
daly,Dementia DALY rate,Health,MED,MUS,SUCCESS,
daly,Dementia DALY rate,Health,MED,MWI,SUCCESS,
daly,Dementia DALY rate,Health,MED,MYS,SUCCESS,
daly,Dementia DALY rate,Health,MED,NAM,SUCCESS,
daly,Dementia DALY rate,Health,MED,NER,SUCCESS,
daly,Dementia DALY rate,Health,MED,NGA,SUCCESS,
daly,Dementia DALY rate,Health,MED,NIC,SUCCESS,
daly,Dementia DALY rate,Health,MED,NLD,SUCCESS,
daly,Dementia DALY rate,Health,MED,NOR,SUCCESS,
daly,Dementia DALY rate,Health,MED,NPL,SUCCESS,
daly,Dementia DALY rate,Health,MED,NZL,SUCCESS,
daly,Dementia DALY rate,Health,MED,OMN,SUCCESS,
daly,Dementia DALY rate,Health,MED,PAK,SUCCESS,
daly,Dementia DALY rate,Health,MED,PAN,SUCCESS,
daly,Dementia DALY rate,Health,MED,PER,SUCCESS,
daly,Dementia DALY rate,Health,MED,PHL,SUCCESS,
daly,Dementia DALY rate,Health,MED,PNG,SUCCESS,
daly,Dementia DALY rate,Health,MED,POL,SUCCESS,
daly,Dementia DALY rate,Health,MED,PRT,SUCCESS,
daly,Dementia DALY rate,Health,MED,PRY,SUCCESS,
daly,Dementia DALY rate,Health,MED,PSE,SUCCESS,
daly,Dementia DALY rate,Health,MED,QAT,SUCCESS,
daly,Dementia DALY rate,Health,MED,ROU,SUCCESS,
daly,Dementia DALY rate,Health,MED,RUS,SUCCESS,
daly,Dementia DALY rate,Health,MED,RWA,SUCCESS,
daly,Dementia DALY rate,Health,MED,SAU,SUCCESS,
daly,Dementia DALY rate,Health,MED,SDN,SUCCESS,
daly,Dementia DALY rate,Health,MED,SEN,SUCCESS,
daly,Dementia DALY rate,Health,MED,SGP,SUCCESS,
daly,Dementia DALY rate,Health,MED,SLB,SUCCESS,
daly,Dementia DALY rate,Health,MED,SLE,SUCCESS,
daly,Dementia DALY rate,Health,MED,SLV,SUCCESS,
daly,Dementia DALY rate,Health,MED,SRB,SUCCESS,
daly,Dementia DALY rate,Health,MED,SSD,SUCCESS,
daly,Dementia DALY rate,Health,MED,STP,SUCCESS,
daly,Dementia DALY rate,Health,MED,SUR,SUCCESS,
daly,Dementia DALY rate,Health,MED,SVK,SUCCESS,
daly,Dementia DALY rate,Health,MED,SVN,SUCCESS,
daly,Dementia DALY rate,Health,MED,SWE,SUCCESS,
daly,Dementia DALY rate,Health,MED,SWZ,SUCCESS,
daly,Dementia DALY rate,Health,MED,SYC,SUCCESS,
daly,Dementia DALY rate,Health,MED,SYR,SUCCESS,
daly,Dementia DALY rate,Health,MED,TCD,SUCCESS,
daly,Dementia DALY rate,Health,MED,TGO,SUCCESS,
daly,Dementia DALY rate,Health,MED,THA,SUCCESS,
daly,Dementia DALY rate,Health,MED,TJK,SUCCESS,
daly,Dementia DALY rate,Health,MED,TKM,SUCCESS,
daly,Dementia DALY rate,Health,MED,TLS,SUCCESS,
daly,Dementia DALY rate,Health,MED,TON,SUCCESS,
daly,Dementia DALY rate,Health,MED,TTO,SUCCESS,
daly,Dementia DALY rate,Health,MED,TUN,SUCCESS,
daly,Dementia DALY rate,Health,MED,TUR,SUCCESS,
daly,Dementia DALY rate,Health,MED,TWN,SUCCESS,
daly,Dementia DALY rate,Health,MED,TZA,SUCCESS,
daly,Dementia DALY rate,Health,MED,UGA,SUCCESS,
daly,Dementia DALY rate,Health,MED,UKR,SUCCESS,
daly,Dementia DALY rate,Health,MED,URY,SUCCESS,
daly,Dementia DALY rate,Health,MED,USA,SUCCESS,
daly,Dementia DALY rate,Health,MED,UZB,SUCCESS,
daly,Dementia DALY rate,Health,MED,VCT,SUCCESS,
daly,Dementia DALY rate,Health,MED,VEN,SUCCESS,
daly,Dementia DALY rate,Health,MED,VNM,SUCCESS,
daly,Dementia DALY rate,Health,MED,VUT,SUCCESS,
daly,Dementia DALY rate,Health,MED,WSM,SUCCESS,
daly,Dementia DALY rate,Health,MED,YEM,SUCCESS,
daly,Dementia DALY rate,Health,MED,ZAF,SUCCESS,
daly,Dementia DALY rate,Health,MED,ZMB,SUCCESS,
daly,Dementia DALY rate,Health,MED,ZWE,SUCCESS,
daly,Dementia DALY rate,Health,DASH,AFG,SUCCESS,
daly,Dementia DALY rate,Health,DASH,AGO,SUCCESS,
daly,Dementia DALY rate,Health,DASH,ALB,SUCCESS,
daly,Dementia DALY rate,Health,DASH,ARE,SUCCESS,
daly,Dementia DALY rate,Health,DASH,ARG,SUCCESS,
daly,Dementia DALY rate,Health,DASH,ARM,SUCCESS,
daly,Dementia DALY rate,Health,DASH,ATG,SUCCESS,
daly,Dementia DALY rate,Health,DASH,AUS,SUCCESS,
daly,Dementia DALY rate,Health,DASH,AUT,SUCCESS,
daly,Dementia DALY rate,Health,DASH,AZE,SUCCESS,
daly,Dementia DALY rate,Health,DASH,BDI,SUCCESS,
daly,Dementia DALY rate,Health,DASH,BEL,SUCCESS,
daly,Dementia DALY rate,Health,DASH,BEN,SUCCESS,
daly,Dementia DALY rate,Health,DASH,BFA,SUCCESS,
daly,Dementia DALY rate,Health,DASH,BGD,SUCCESS,
daly,Dementia DALY rate,Health,DASH,BGR,SUCCESS,
daly,Dementia DALY rate,Health,DASH,BHR,SUCCESS,
daly,Dementia DALY rate,Health,DASH,BHS,SUCCESS,
daly,Dementia DALY rate,Health,DASH,BIH,SUCCESS,
daly,Dementia DALY rate,Health,DASH,BLR,SUCCESS,
daly,Dementia DALY rate,Health,DASH,BLZ,SUCCESS,
daly,Dementia DALY rate,Health,DASH,BOL,SUCCESS,
daly,Dementia DALY rate,Health,DASH,BRA,SUCCESS,
daly,Dementia DALY rate,Health,DASH,BRB,SUCCESS,
daly,Dementia DALY rate,Health,DASH,BRN,SUCCESS,
daly,Dementia DALY rate,Health,DASH,BTN,SUCCESS,
daly,Dementia DALY rate,Health,DASH,BWA,SUCCESS,
daly,Dementia DALY rate,Health,DASH,CAF,SUCCESS,
daly,Dementia DALY rate,Health,DASH,CAN,SUCCESS,
daly,Dementia DALY rate,Health,DASH,CHE,SUCCESS,
daly,Dementia DALY rate,Health,DASH,CHL,SUCCESS,
daly,Dementia DALY rate,Health,DASH,CHN,SUCCESS,
daly,Dementia DALY rate,Health,DASH,CIV,SUCCESS,
daly,Dementia DALY rate,Health,DASH,CMR,SUCCESS,
daly,Dementia DALY rate,Health,DASH,COD,SUCCESS,
daly,Dementia DALY rate,Health,DASH,COG,SUCCESS,
daly,Dementia DALY rate,Health,DASH,COL,SUCCESS,
daly,Dementia DALY rate,Health,DASH,COM,SUCCESS,
daly,Dementia DALY rate,Health,DASH,CPV,SUCCESS,
daly,Dementia DALY rate,Health,DASH,CRI,SUCCESS,
daly,Dementia DALY rate,Health,DASH,CUB,SUCCESS,
daly,Dementia DALY rate,Health,DASH,CYP,SUCCESS,
daly,Dementia DALY rate,Health,DASH,CZE,SUCCESS,
daly,Dementia DALY rate,Health,DASH,DEU,SUCCESS,
daly,Dementia DALY rate,Health,DASH,DJI,SUCCESS,
daly,Dementia DALY rate,Health,DASH,DMA,SUCCESS,
daly,Dementia DALY rate,Health,DASH,DNK,SUCCESS,
daly,Dementia DALY rate,Health,DASH,DOM,SUCCESS,
daly,Dementia DALY rate,Health,DASH,DZA,SUCCESS,
daly,Dementia DALY rate,Health,DASH,ECU,SUCCESS,
daly,Dementia DALY rate,Health,DASH,EGY,SUCCESS,
daly,Dementia DALY rate,Health,DASH,ERI,SUCCESS,
daly,Dementia DALY rate,Health,DASH,ESP,SUCCESS,
daly,Dementia DALY rate,Health,DASH,EST,SUCCESS,
daly,Dementia DALY rate,Health,DASH,ETH,SUCCESS,
daly,Dementia DALY rate,Health,DASH,FIN,SUCCESS,
daly,Dementia DALY rate,Health,DASH,FJI,SUCCESS,
daly,Dementia DALY rate,Health,DASH,FRA,SUCCESS,
daly,Dementia DALY rate,Health,DASH,FSM,SUCCESS,
daly,Dementia DALY rate,Health,DASH,GAB,SUCCESS,
daly,Dementia DALY rate,Health,DASH,GBR,SUCCESS,
daly,Dementia DALY rate,Health,DASH,GEO,SUCCESS,
daly,Dementia DALY rate,Health,DASH,GHA,SUCCESS,
daly,Dementia DALY rate,Health,DASH,GIN,SUCCESS,
daly,Dementia DALY rate,Health,DASH,GMB,SUCCESS,
daly,Dementia DALY rate,Health,DASH,GNB,SUCCESS,
daly,Dementia DALY rate,Health,DASH,GNQ,SUCCESS,
daly,Dementia DALY rate,Health,DASH,GRC,SUCCESS,
daly,Dementia DALY rate,Health,DASH,GRD,SUCCESS,
daly,Dementia DALY rate,Health,DASH,GTM,SUCCESS,
daly,Dementia DALY rate,Health,DASH,GUY,SUCCESS,
daly,Dementia DALY rate,Health,DASH,HND,SUCCESS,
daly,Dementia DALY rate,Health,DASH,HRV,SUCCESS,
daly,Dementia DALY rate,Health,DASH,HTI,SUCCESS,
daly,Dementia DALY rate,Health,DASH,HUN,SUCCESS,
daly,Dementia DALY rate,Health,DASH,IDN,SUCCESS,
daly,Dementia DALY rate,Health,DASH,IND,SUCCESS,
daly,Dementia DALY rate,Health,DASH,IRL,SUCCESS,
daly,Dementia DALY rate,Health,DASH,IRN,SUCCESS,
daly,Dementia DALY rate,Health,DASH,IRQ,SUCCESS,
daly,Dementia DALY rate,Health,DASH,ISL,SUCCESS,
daly,Dementia DALY rate,Health,DASH,ISR,SUCCESS,
daly,Dementia DALY rate,Health,DASH,ITA,SUCCESS,
daly,Dementia DALY rate,Health,DASH,JAM,SUCCESS,
daly,Dementia DALY rate,Health,DASH,JOR,SUCCESS,
daly,Dementia DALY rate,Health,DASH,JPN,SUCCESS,
daly,Dementia DALY rate,Health,DASH,KAZ,SUCCESS,
daly,Dementia DALY rate,Health,DASH,KEN,SUCCESS,
daly,Dementia DALY rate,Health,DASH,KGZ,SUCCESS,
daly,Dementia DALY rate,Health,DASH,KHM,SUCCESS,
daly,Dementia DALY rate,Health,DASH,KIR,SUCCESS,
daly,Dementia DALY rate,Health,DASH,KOR,SUCCESS,
daly,Dementia DALY rate,Health,DASH,KWT,SUCCESS,
daly,Dementia DALY rate,Health,DASH,LAO,SUCCESS,
daly,Dementia DALY rate,Health,DASH,LBN,SUCCESS,
daly,Dementia DALY rate,Health,DASH,LBR,SUCCESS,
daly,Dementia DALY rate,Health,DASH,LBY,SUCCESS,
daly,Dementia DALY rate,Health,DASH,LCA,SUCCESS,
daly,Dementia DALY rate,Health,DASH,LKA,SUCCESS,
daly,Dementia DALY rate,Health,DASH,LSO,SUCCESS,
daly,Dementia DALY rate,Health,DASH,LTU,SUCCESS,
daly,Dementia DALY rate,Health,DASH,LUX,SUCCESS,
daly,Dementia DALY rate,Health,DASH,LVA,SUCCESS,
daly,Dementia DALY rate,Health,DASH,MAR,SUCCESS,
daly,Dementia DALY rate,Health,DASH,MDA,SUCCESS,
daly,Dementia DALY rate,Health,DASH,MDG,SUCCESS,
daly,Dementia DALY rate,Health,DASH,MDV,SUCCESS,
daly,Dementia DALY rate,Health,DASH,MEX,SUCCESS,
daly,Dementia DALY rate,Health,DASH,MHL,SUCCESS,
daly,Dementia DALY rate,Health,DASH,MKD,SUCCESS,
daly,Dementia DALY rate,Health,DASH,MLI,SUCCESS,
daly,Dementia DALY rate,Health,DASH,MLT,SUCCESS,
daly,Dementia DALY rate,Health,DASH,MMR,SUCCESS,
daly,Dementia DALY rate,Health,DASH,MNE,SUCCESS,
daly,Dementia DALY rate,Health,DASH,MNG,SUCCESS,
daly,Dementia DALY rate,Health,DASH,MOZ,SUCCESS,
daly,Dementia DALY rate,Health,DASH,MRT,SUCCESS,
daly,Dementia DALY rate,Health,DASH,MUS,SUCCESS,
daly,Dementia DALY rate,Health,DASH,MWI,SUCCESS,
daly,Dementia DALY rate,Health,DASH,MYS,SUCCESS,
daly,Dementia DALY rate,Health,DASH,NAM,SUCCESS,
daly,Dementia DALY rate,Health,DASH,NER,SUCCESS,
daly,Dementia DALY rate,Health,DASH,NGA,SUCCESS,
daly,Dementia DALY rate,Health,DASH,NIC,SUCCESS,
daly,Dementia DALY rate,Health,DASH,NLD,SUCCESS,
daly,Dementia DALY rate,Health,DASH,NOR,SUCCESS,
daly,Dementia DALY rate,Health,DASH,NPL,SUCCESS,
daly,Dementia DALY rate,Health,DASH,NZL,SUCCESS,
daly,Dementia DALY rate,Health,DASH,OMN,SUCCESS,
daly,Dementia DALY rate,Health,DASH,PAK,SUCCESS,
daly,Dementia DALY rate,Health,DASH,PAN,SUCCESS,
daly,Dementia DALY rate,Health,DASH,PER,SUCCESS,
daly,Dementia DALY rate,Health,DASH,PHL,SUCCESS,
daly,Dementia DALY rate,Health,DASH,PNG,SUCCESS,
daly,Dementia DALY rate,Health,DASH,POL,SUCCESS,
daly,Dementia DALY rate,Health,DASH,PRT,SUCCESS,
daly,Dementia DALY rate,Health,DASH,PRY,SUCCESS,
daly,Dementia DALY rate,Health,DASH,PSE,SUCCESS,
daly,Dementia DALY rate,Health,DASH,QAT,SUCCESS,
daly,Dementia DALY rate,Health,DASH,ROU,SUCCESS,
daly,Dementia DALY rate,Health,DASH,RUS,SUCCESS,
daly,Dementia DALY rate,Health,DASH,RWA,SUCCESS,
daly,Dementia DALY rate,Health,DASH,SAU,SUCCESS,
daly,Dementia DALY rate,Health,DASH,SDN,SUCCESS,
daly,Dementia DALY rate,Health,DASH,SEN,SUCCESS,
daly,Dementia DALY rate,Health,DASH,SGP,SUCCESS,
daly,Dementia DALY rate,Health,DASH,SLB,SUCCESS,
daly,Dementia DALY rate,Health,DASH,SLE,SUCCESS,
daly,Dementia DALY rate,Health,DASH,SLV,SUCCESS,
daly,Dementia DALY rate,Health,DASH,SRB,SUCCESS,
daly,Dementia DALY rate,Health,DASH,SSD,SUCCESS,
daly,Dementia DALY rate,Health,DASH,STP,SUCCESS,
daly,Dementia DALY rate,Health,DASH,SUR,SUCCESS,
daly,Dementia DALY rate,Health,DASH,SVK,SUCCESS,
daly,Dementia DALY rate,Health,DASH,SVN,SUCCESS,
daly,Dementia DALY rate,Health,DASH,SWE,SUCCESS,
daly,Dementia DALY rate,Health,DASH,SWZ,SUCCESS,
daly,Dementia DALY rate,Health,DASH,SYC,SUCCESS,
daly,Dementia DALY rate,Health,DASH,SYR,SUCCESS,
daly,Dementia DALY rate,Health,DASH,TCD,SUCCESS,
daly,Dementia DALY rate,Health,DASH,TGO,SUCCESS,
daly,Dementia DALY rate,Health,DASH,THA,SUCCESS,
daly,Dementia DALY rate,Health,DASH,TJK,SUCCESS,
daly,Dementia DALY rate,Health,DASH,TKM,SUCCESS,
daly,Dementia DALY rate,Health,DASH,TLS,SUCCESS,
daly,Dementia DALY rate,Health,DASH,TON,SUCCESS,
daly,Dementia DALY rate,Health,DASH,TTO,SUCCESS,
daly,Dementia DALY rate,Health,DASH,TUN,SUCCESS,
daly,Dementia DALY rate,Health,DASH,TUR,SUCCESS,
daly,Dementia DALY rate,Health,DASH,TWN,SUCCESS,
daly,Dementia DALY rate,Health,DASH,TZA,SUCCESS,
daly,Dementia DALY rate,Health,DASH,UGA,SUCCESS,
daly,Dementia DALY rate,Health,DASH,UKR,SUCCESS,
daly,Dementia DALY rate,Health,DASH,URY,SUCCESS,
daly,Dementia DALY rate,Health,DASH,USA,SUCCESS,
daly,Dementia DALY rate,Health,DASH,UZB,SUCCESS,
daly,Dementia DALY rate,Health,DASH,VCT,SUCCESS,
daly,Dementia DALY rate,Health,DASH,VEN,SUCCESS,
daly,Dementia DALY rate,Health,DASH,VNM,SUCCESS,
daly,Dementia DALY rate,Health,DASH,VUT,SUCCESS,
daly,Dementia DALY rate,Health,DASH,WSM,SUCCESS,
daly,Dementia DALY rate,Health,DASH,YEM,SUCCESS,
daly,Dementia DALY rate,Health,DASH,ZAF,SUCCESS,
daly,Dementia DALY rate,Health,DASH,ZMB,SUCCESS,
daly,Dementia DALY rate,Health,DASH,ZWE,SUCCESS,
daly,Dementia DALY rate,Health,AHEI,AFG,SUCCESS,
daly,Dementia DALY rate,Health,AHEI,AGO,SUCCESS,
daly,Dementia DALY rate,Health,AHEI,ALB,SUCCESS,
daly,Dementia DALY rate,Health,AHEI,ARE,SUCCESS,
daly,Dementia DALY rate,Health,AHEI,ARG,SUCCESS,
daly,Dementia DALY rate,Health,AHEI,ARM,SUCCESS,
daly,Dementia DALY rate,Health,AHEI,ATG,SUCCESS,
daly,Dementia DALY rate,Health,AHEI,AUS,SUCCESS,
daly,Dementia DALY rate,Health,AHEI,AUT,SUCCESS,
daly,Dementia DALY rate,Health,AHEI,AZE,SUCCESS,
daly,Dementia DALY rate,Health,AHEI,BDI,SUCCESS,
daly,Dementia DALY rate,Health,AHEI,BEL,SUCCESS,
daly,Dementia DALY rate,Health,AHEI,BEN,SUCCESS,
daly,Dementia DALY rate,Health,AHEI,BFA,SUCCESS,
daly,Dementia DALY rate,Health,AHEI,BGD,SUCCESS,
daly,Dementia DALY rate,Health,AHEI,BGR,SUCCESS,
daly,Dementia DALY rate,Health,AHEI,BHR,SUCCESS,
daly,Dementia DALY rate,Health,AHEI,BHS,SUCCESS,
daly,Dementia DALY rate,Health,AHEI,BIH,SUCCESS,
daly,Dementia DALY rate,Health,AHEI,BLR,SUCCESS,
daly,Dementia DALY rate,Health,AHEI,BLZ,SUCCESS,
daly,Dementia DALY rate,Health,AHEI,BOL,SUCCESS,
daly,Dementia DALY rate,Health,AHEI,BRA,SUCCESS,
daly,Dementia DALY rate,Health,AHEI,BRB,SUCCESS,
daly,Dementia DALY rate,Health,AHEI,BRN,SUCCESS,
daly,Dementia DALY rate,Health,AHEI,BTN,SUCCESS,
daly,Dementia DALY rate,Health,AHEI,BWA,SUCCESS,
daly,Dementia DALY rate,Health,AHEI,CAF,SUCCESS,
daly,Dementia DALY rate,Health,AHEI,CAN,SUCCESS,
daly,Dementia DALY rate,Health,AHEI,CHE,SUCCESS,
daly,Dementia DALY rate,Health,AHEI,CHL,SUCCESS,
daly,Dementia DALY rate,Health,AHEI,CHN,SUCCESS,
daly,Dementia DALY rate,Health,AHEI,CIV,SUCCESS,
daly,Dementia DALY rate,Health,AHEI,CMR,SUCCESS,
daly,Dementia DALY rate,Health,AHEI,COD,SUCCESS,
daly,Dementia DALY rate,Health,AHEI,COG,SUCCESS,
daly,Dementia DALY rate,Health,AHEI,COL,SUCCESS,
daly,Dementia DALY rate,Health,AHEI,COM,SUCCESS,
daly,Dementia DALY rate,Health,AHEI,CPV,SUCCESS,
daly,Dementia DALY rate,Health,AHEI,CRI,SUCCESS,
daly,Dementia DALY rate,Health,AHEI,CUB,SUCCESS,
daly,Dementia DALY rate,Health,AHEI,CYP,SUCCESS,
daly,Dementia DALY rate,Health,AHEI,CZE,SUCCESS,
daly,Dementia DALY rate,Health,AHEI,DEU,SUCCESS,
daly,Dementia DALY rate,Health,AHEI,DJI,SUCCESS,
daly,Dementia DALY rate,Health,AHEI,DMA,SUCCESS,
daly,Dementia DALY rate,Health,AHEI,DNK,SUCCESS,
daly,Dementia DALY rate,Health,AHEI,DOM,SUCCESS,
daly,Dementia DALY rate,Health,AHEI,DZA,SUCCESS,
daly,Dementia DALY rate,Health,AHEI,ECU,SUCCESS,
daly,Dementia DALY rate,Health,AHEI,EGY,SUCCESS,
daly,Dementia DALY rate,Health,AHEI,ERI,SUCCESS,
daly,Dementia DALY rate,Health,AHEI,ESP,SUCCESS,
daly,Dementia DALY rate,Health,AHEI,EST,SUCCESS,
daly,Dementia DALY rate,Health,AHEI,ETH,SUCCESS,
daly,Dementia DALY rate,Health,AHEI,FIN,SUCCESS,
daly,Dementia DALY rate,Health,AHEI,FJI,SUCCESS,
daly,Dementia DALY rate,Health,AHEI,FRA,SUCCESS,
daly,Dementia DALY rate,Health,AHEI,FSM,SUCCESS,
daly,Dementia DALY rate,Health,AHEI,GAB,SUCCESS,
daly,Dementia DALY rate,Health,AHEI,GBR,SUCCESS,
daly,Dementia DALY rate,Health,AHEI,GEO,SUCCESS,
daly,Dementia DALY rate,Health,AHEI,GHA,SUCCESS,
daly,Dementia DALY rate,Health,AHEI,GIN,SUCCESS,
daly,Dementia DALY rate,Health,AHEI,GMB,SUCCESS,
daly,Dementia DALY rate,Health,AHEI,GNB,SUCCESS,
daly,Dementia DALY rate,Health,AHEI,GNQ,SUCCESS,
daly,Dementia DALY rate,Health,AHEI,GRC,SUCCESS,
daly,Dementia DALY rate,Health,AHEI,GRD,SUCCESS,
daly,Dementia DALY rate,Health,AHEI,GTM,SUCCESS,
daly,Dementia DALY rate,Health,AHEI,GUY,SUCCESS,
daly,Dementia DALY rate,Health,AHEI,HND,SUCCESS,
daly,Dementia DALY rate,Health,AHEI,HRV,SUCCESS,
daly,Dementia DALY rate,Health,AHEI,HTI,SUCCESS,
daly,Dementia DALY rate,Health,AHEI,HUN,SUCCESS,
daly,Dementia DALY rate,Health,AHEI,IDN,SUCCESS,
daly,Dementia DALY rate,Health,AHEI,IND,SUCCESS,
daly,Dementia DALY rate,Health,AHEI,IRL,SUCCESS,
daly,Dementia DALY rate,Health,AHEI,IRN,SUCCESS,
daly,Dementia DALY rate,Health,AHEI,IRQ,SUCCESS,
daly,Dementia DALY rate,Health,AHEI,ISL,SUCCESS,
daly,Dementia DALY rate,Health,AHEI,ISR,SUCCESS,
daly,Dementia DALY rate,Health,AHEI,ITA,SUCCESS,
daly,Dementia DALY rate,Health,AHEI,JAM,SUCCESS,
daly,Dementia DALY rate,Health,AHEI,JOR,SUCCESS,
daly,Dementia DALY rate,Health,AHEI,JPN,SUCCESS,
daly,Dementia DALY rate,Health,AHEI,KAZ,SUCCESS,
daly,Dementia DALY rate,Health,AHEI,KEN,SUCCESS,
daly,Dementia DALY rate,Health,AHEI,KGZ,SUCCESS,
daly,Dementia DALY rate,Health,AHEI,KHM,SUCCESS,
daly,Dementia DALY rate,Health,AHEI,KIR,SUCCESS,
daly,Dementia DALY rate,Health,AHEI,KOR,SUCCESS,
daly,Dementia DALY rate,Health,AHEI,KWT,SUCCESS,
daly,Dementia DALY rate,Health,AHEI,LAO,SUCCESS,
daly,Dementia DALY rate,Health,AHEI,LBN,SUCCESS,
daly,Dementia DALY rate,Health,AHEI,LBR,SUCCESS,
daly,Dementia DALY rate,Health,AHEI,LBY,SUCCESS,
daly,Dementia DALY rate,Health,AHEI,LCA,SUCCESS,
daly,Dementia DALY rate,Health,AHEI,LKA,SUCCESS,
daly,Dementia DALY rate,Health,AHEI,LSO,SUCCESS,
daly,Dementia DALY rate,Health,AHEI,LTU,SUCCESS,
daly,Dementia DALY rate,Health,AHEI,LUX,SUCCESS,
daly,Dementia DALY rate,Health,AHEI,LVA,SUCCESS,
daly,Dementia DALY rate,Health,AHEI,MAR,SUCCESS,
daly,Dementia DALY rate,Health,AHEI,MDA,SUCCESS,
daly,Dementia DALY rate,Health,AHEI,MDG,SUCCESS,
daly,Dementia DALY rate,Health,AHEI,MDV,SUCCESS,
daly,Dementia DALY rate,Health,AHEI,MEX,SUCCESS,
daly,Dementia DALY rate,Health,AHEI,MHL,SUCCESS,
daly,Dementia DALY rate,Health,AHEI,MKD,SUCCESS,
daly,Dementia DALY rate,Health,AHEI,MLI,SUCCESS,
daly,Dementia DALY rate,Health,AHEI,MLT,SUCCESS,
daly,Dementia DALY rate,Health,AHEI,MMR,SUCCESS,
daly,Dementia DALY rate,Health,AHEI,MNE,SUCCESS,
daly,Dementia DALY rate,Health,AHEI,MNG,SUCCESS,
daly,Dementia DALY rate,Health,AHEI,MOZ,SUCCESS,
daly,Dementia DALY rate,Health,AHEI,MRT,SUCCESS,
daly,Dementia DALY rate,Health,AHEI,MUS,SUCCESS,
daly,Dementia DALY rate,Health,AHEI,MWI,SUCCESS,
daly,Dementia DALY rate,Health,AHEI,MYS,SUCCESS,
daly,Dementia DALY rate,Health,AHEI,NAM,SUCCESS,
daly,Dementia DALY rate,Health,AHEI,NER,SUCCESS,
daly,Dementia DALY rate,Health,AHEI,NGA,SUCCESS,
daly,Dementia DALY rate,Health,AHEI,NIC,SUCCESS,
daly,Dementia DALY rate,Health,AHEI,NLD,SUCCESS,
daly,Dementia DALY rate,Health,AHEI,NOR,SUCCESS,
daly,Dementia DALY rate,Health,AHEI,NPL,SUCCESS,
daly,Dementia DALY rate,Health,AHEI,NZL,SUCCESS,
daly,Dementia DALY rate,Health,AHEI,OMN,SUCCESS,
daly,Dementia DALY rate,Health,AHEI,PAK,SUCCESS,
daly,Dementia DALY rate,Health,AHEI,PAN,SUCCESS,
daly,Dementia DALY rate,Health,AHEI,PER,SUCCESS,
daly,Dementia DALY rate,Health,AHEI,PHL,SUCCESS,
daly,Dementia DALY rate,Health,AHEI,PNG,SUCCESS,
daly,Dementia DALY rate,Health,AHEI,POL,SUCCESS,
daly,Dementia DALY rate,Health,AHEI,PRT,SUCCESS,
daly,Dementia DALY rate,Health,AHEI,PRY,SUCCESS,
daly,Dementia DALY rate,Health,AHEI,PSE,SUCCESS,
daly,Dementia DALY rate,Health,AHEI,QAT,SUCCESS,
daly,Dementia DALY rate,Health,AHEI,ROU,SUCCESS,
daly,Dementia DALY rate,Health,AHEI,RUS,SUCCESS,
daly,Dementia DALY rate,Health,AHEI,RWA,SUCCESS,
daly,Dementia DALY rate,Health,AHEI,SAU,SUCCESS,
daly,Dementia DALY rate,Health,AHEI,SDN,SUCCESS,
daly,Dementia DALY rate,Health,AHEI,SEN,SUCCESS,
daly,Dementia DALY rate,Health,AHEI,SGP,SUCCESS,
daly,Dementia DALY rate,Health,AHEI,SLB,SUCCESS,
daly,Dementia DALY rate,Health,AHEI,SLE,SUCCESS,
daly,Dementia DALY rate,Health,AHEI,SLV,SUCCESS,
daly,Dementia DALY rate,Health,AHEI,SRB,SUCCESS,
daly,Dementia DALY rate,Health,AHEI,SSD,SUCCESS,
daly,Dementia DALY rate,Health,AHEI,STP,SUCCESS,
daly,Dementia DALY rate,Health,AHEI,SUR,SUCCESS,
daly,Dementia DALY rate,Health,AHEI,SVK,SUCCESS,
daly,Dementia DALY rate,Health,AHEI,SVN,SUCCESS,
daly,Dementia DALY rate,Health,AHEI,SWE,SUCCESS,
daly,Dementia DALY rate,Health,AHEI,SWZ,SUCCESS,
daly,Dementia DALY rate,Health,AHEI,SYC,SUCCESS,
daly,Dementia DALY rate,Health,AHEI,SYR,SUCCESS,
daly,Dementia DALY rate,Health,AHEI,TCD,SUCCESS,
daly,Dementia DALY rate,Health,AHEI,TGO,SUCCESS,
daly,Dementia DALY rate,Health,AHEI,THA,SUCCESS,
daly,Dementia DALY rate,Health,AHEI,TJK,SUCCESS,
daly,Dementia DALY rate,Health,AHEI,TKM,SUCCESS,
daly,Dementia DALY rate,Health,AHEI,TLS,SUCCESS,
daly,Dementia DALY rate,Health,AHEI,TON,SUCCESS,
daly,Dementia DALY rate,Health,AHEI,TTO,SUCCESS,
daly,Dementia DALY rate,Health,AHEI,TUN,SUCCESS,
daly,Dementia DALY rate,Health,AHEI,TUR,SUCCESS,
daly,Dementia DALY rate,Health,AHEI,TWN,SUCCESS,
daly,Dementia DALY rate,Health,AHEI,TZA,SUCCESS,
daly,Dementia DALY rate,Health,AHEI,UGA,SUCCESS,
daly,Dementia DALY rate,Health,AHEI,UKR,SUCCESS,
daly,Dementia DALY rate,Health,AHEI,URY,SUCCESS,
daly,Dementia DALY rate,Health,AHEI,USA,SUCCESS,
daly,Dementia DALY rate,Health,AHEI,UZB,SUCCESS,
daly,Dementia DALY rate,Health,AHEI,VCT,SUCCESS,
daly,Dementia DALY rate,Health,AHEI,VEN,SUCCESS,
daly,Dementia DALY rate,Health,AHEI,VNM,SUCCESS,
daly,Dementia DALY rate,Health,AHEI,VUT,SUCCESS,
daly,Dementia DALY rate,Health,AHEI,WSM,SUCCESS,
daly,Dementia DALY rate,Health,AHEI,YEM,SUCCESS,
daly,Dementia DALY rate,Health,AHEI,ZAF,SUCCESS,
daly,Dementia DALY rate,Health,AHEI,ZMB,SUCCESS,
daly,Dementia DALY rate,Health,AHEI,ZWE,SUCCESS,
prevalence,Dementia prevalence rate,Health,mPHDI,AFG,SUCCESS,
prevalence,Dementia prevalence rate,Health,mPHDI,AGO,SUCCESS,
prevalence,Dementia prevalence rate,Health,mPHDI,ALB,SUCCESS,
prevalence,Dementia prevalence rate,Health,mPHDI,ARE,SUCCESS,
prevalence,Dementia prevalence rate,Health,mPHDI,ARG,SUCCESS,
prevalence,Dementia prevalence rate,Health,mPHDI,ARM,SUCCESS,
prevalence,Dementia prevalence rate,Health,mPHDI,ATG,SUCCESS,
prevalence,Dementia prevalence rate,Health,mPHDI,AUS,SUCCESS,
prevalence,Dementia prevalence rate,Health,mPHDI,AUT,SUCCESS,
prevalence,Dementia prevalence rate,Health,mPHDI,AZE,SUCCESS,
prevalence,Dementia prevalence rate,Health,mPHDI,BDI,SUCCESS,
prevalence,Dementia prevalence rate,Health,mPHDI,BEL,SUCCESS,
prevalence,Dementia prevalence rate,Health,mPHDI,BEN,SUCCESS,
prevalence,Dementia prevalence rate,Health,mPHDI,BFA,SUCCESS,
prevalence,Dementia prevalence rate,Health,mPHDI,BGD,SUCCESS,
prevalence,Dementia prevalence rate,Health,mPHDI,BGR,SUCCESS,
prevalence,Dementia prevalence rate,Health,mPHDI,BHR,SUCCESS,
prevalence,Dementia prevalence rate,Health,mPHDI,BHS,SUCCESS,
prevalence,Dementia prevalence rate,Health,mPHDI,BIH,SUCCESS,
prevalence,Dementia prevalence rate,Health,mPHDI,BLR,SUCCESS,
prevalence,Dementia prevalence rate,Health,mPHDI,BLZ,SUCCESS,
prevalence,Dementia prevalence rate,Health,mPHDI,BOL,SUCCESS,
prevalence,Dementia prevalence rate,Health,mPHDI,BRA,SUCCESS,
prevalence,Dementia prevalence rate,Health,mPHDI,BRB,SUCCESS,
prevalence,Dementia prevalence rate,Health,mPHDI,BRN,SUCCESS,
prevalence,Dementia prevalence rate,Health,mPHDI,BTN,SUCCESS,
prevalence,Dementia prevalence rate,Health,mPHDI,BWA,SUCCESS,
prevalence,Dementia prevalence rate,Health,mPHDI,CAF,SUCCESS,
prevalence,Dementia prevalence rate,Health,mPHDI,CAN,SUCCESS,
prevalence,Dementia prevalence rate,Health,mPHDI,CHE,SUCCESS,
prevalence,Dementia prevalence rate,Health,mPHDI,CHL,SUCCESS,
prevalence,Dementia prevalence rate,Health,mPHDI,CHN,SUCCESS,
prevalence,Dementia prevalence rate,Health,mPHDI,CIV,SUCCESS,
prevalence,Dementia prevalence rate,Health,mPHDI,CMR,SUCCESS,
prevalence,Dementia prevalence rate,Health,mPHDI,COD,SUCCESS,
prevalence,Dementia prevalence rate,Health,mPHDI,COG,SUCCESS,
prevalence,Dementia prevalence rate,Health,mPHDI,COL,SUCCESS,
prevalence,Dementia prevalence rate,Health,mPHDI,COM,SUCCESS,
prevalence,Dementia prevalence rate,Health,mPHDI,CPV,SUCCESS,
prevalence,Dementia prevalence rate,Health,mPHDI,CRI,SUCCESS,
prevalence,Dementia prevalence rate,Health,mPHDI,CUB,SUCCESS,
prevalence,Dementia prevalence rate,Health,mPHDI,CYP,SUCCESS,
prevalence,Dementia prevalence rate,Health,mPHDI,CZE,SUCCESS,
prevalence,Dementia prevalence rate,Health,mPHDI,DEU,SUCCESS,
prevalence,Dementia prevalence rate,Health,mPHDI,DJI,SUCCESS,
prevalence,Dementia prevalence rate,Health,mPHDI,DMA,SUCCESS,
prevalence,Dementia prevalence rate,Health,mPHDI,DNK,SUCCESS,
prevalence,Dementia prevalence rate,Health,mPHDI,DOM,SUCCESS,
prevalence,Dementia prevalence rate,Health,mPHDI,DZA,SUCCESS,
prevalence,Dementia prevalence rate,Health,mPHDI,ECU,SUCCESS,
prevalence,Dementia prevalence rate,Health,mPHDI,EGY,SUCCESS,
prevalence,Dementia prevalence rate,Health,mPHDI,ERI,SUCCESS,
prevalence,Dementia prevalence rate,Health,mPHDI,ESP,SUCCESS,
prevalence,Dementia prevalence rate,Health,mPHDI,EST,SUCCESS,
prevalence,Dementia prevalence rate,Health,mPHDI,ETH,SUCCESS,
prevalence,Dementia prevalence rate,Health,mPHDI,FIN,SUCCESS,
prevalence,Dementia prevalence rate,Health,mPHDI,FJI,SUCCESS,
prevalence,Dementia prevalence rate,Health,mPHDI,FRA,SUCCESS,
prevalence,Dementia prevalence rate,Health,mPHDI,FSM,SUCCESS,
prevalence,Dementia prevalence rate,Health,mPHDI,GAB,SUCCESS,
prevalence,Dementia prevalence rate,Health,mPHDI,GBR,SUCCESS,
prevalence,Dementia prevalence rate,Health,mPHDI,GEO,SUCCESS,
prevalence,Dementia prevalence rate,Health,mPHDI,GHA,SUCCESS,
prevalence,Dementia prevalence rate,Health,mPHDI,GIN,SUCCESS,
prevalence,Dementia prevalence rate,Health,mPHDI,GMB,SUCCESS,
prevalence,Dementia prevalence rate,Health,mPHDI,GNB,SUCCESS,
prevalence,Dementia prevalence rate,Health,mPHDI,GNQ,SUCCESS,
prevalence,Dementia prevalence rate,Health,mPHDI,GRC,SUCCESS,
prevalence,Dementia prevalence rate,Health,mPHDI,GRD,SUCCESS,
prevalence,Dementia prevalence rate,Health,mPHDI,GTM,SUCCESS,
prevalence,Dementia prevalence rate,Health,mPHDI,GUY,SUCCESS,
prevalence,Dementia prevalence rate,Health,mPHDI,HND,SUCCESS,
prevalence,Dementia prevalence rate,Health,mPHDI,HRV,SUCCESS,
prevalence,Dementia prevalence rate,Health,mPHDI,HTI,SUCCESS,
prevalence,Dementia prevalence rate,Health,mPHDI,HUN,SUCCESS,
prevalence,Dementia prevalence rate,Health,mPHDI,IDN,SUCCESS,
prevalence,Dementia prevalence rate,Health,mPHDI,IND,SUCCESS,
prevalence,Dementia prevalence rate,Health,mPHDI,IRL,SUCCESS,
prevalence,Dementia prevalence rate,Health,mPHDI,IRN,SUCCESS,
prevalence,Dementia prevalence rate,Health,mPHDI,IRQ,SUCCESS,
prevalence,Dementia prevalence rate,Health,mPHDI,ISL,SUCCESS,
prevalence,Dementia prevalence rate,Health,mPHDI,ISR,SUCCESS,
prevalence,Dementia prevalence rate,Health,mPHDI,ITA,SUCCESS,
prevalence,Dementia prevalence rate,Health,mPHDI,JAM,SUCCESS,
prevalence,Dementia prevalence rate,Health,mPHDI,JOR,SUCCESS,
prevalence,Dementia prevalence rate,Health,mPHDI,JPN,SUCCESS,
prevalence,Dementia prevalence rate,Health,mPHDI,KAZ,SUCCESS,
prevalence,Dementia prevalence rate,Health,mPHDI,KEN,SUCCESS,
prevalence,Dementia prevalence rate,Health,mPHDI,KGZ,SUCCESS,
prevalence,Dementia prevalence rate,Health,mPHDI,KHM,SUCCESS,
prevalence,Dementia prevalence rate,Health,mPHDI,KIR,SUCCESS,
prevalence,Dementia prevalence rate,Health,mPHDI,KOR,SUCCESS,
prevalence,Dementia prevalence rate,Health,mPHDI,KWT,SUCCESS,
prevalence,Dementia prevalence rate,Health,mPHDI,LAO,SUCCESS,
prevalence,Dementia prevalence rate,Health,mPHDI,LBN,SUCCESS,
prevalence,Dementia prevalence rate,Health,mPHDI,LBR,SUCCESS,
prevalence,Dementia prevalence rate,Health,mPHDI,LBY,SUCCESS,
prevalence,Dementia prevalence rate,Health,mPHDI,LCA,SUCCESS,
prevalence,Dementia prevalence rate,Health,mPHDI,LKA,SUCCESS,
prevalence,Dementia prevalence rate,Health,mPHDI,LSO,SUCCESS,
prevalence,Dementia prevalence rate,Health,mPHDI,LTU,SUCCESS,
prevalence,Dementia prevalence rate,Health,mPHDI,LUX,SUCCESS,
prevalence,Dementia prevalence rate,Health,mPHDI,LVA,SUCCESS,
prevalence,Dementia prevalence rate,Health,mPHDI,MAR,SUCCESS,
prevalence,Dementia prevalence rate,Health,mPHDI,MDA,SUCCESS,
prevalence,Dementia prevalence rate,Health,mPHDI,MDG,SUCCESS,
prevalence,Dementia prevalence rate,Health,mPHDI,MDV,SUCCESS,
prevalence,Dementia prevalence rate,Health,mPHDI,MEX,SUCCESS,
prevalence,Dementia prevalence rate,Health,mPHDI,MHL,SUCCESS,
prevalence,Dementia prevalence rate,Health,mPHDI,MKD,SUCCESS,
prevalence,Dementia prevalence rate,Health,mPHDI,MLI,SUCCESS,
prevalence,Dementia prevalence rate,Health,mPHDI,MLT,SUCCESS,
prevalence,Dementia prevalence rate,Health,mPHDI,MMR,SUCCESS,
prevalence,Dementia prevalence rate,Health,mPHDI,MNE,SUCCESS,
prevalence,Dementia prevalence rate,Health,mPHDI,MNG,SUCCESS,
prevalence,Dementia prevalence rate,Health,mPHDI,MOZ,SUCCESS,
prevalence,Dementia prevalence rate,Health,mPHDI,MRT,SUCCESS,
prevalence,Dementia prevalence rate,Health,mPHDI,MUS,SUCCESS,
prevalence,Dementia prevalence rate,Health,mPHDI,MWI,SUCCESS,
prevalence,Dementia prevalence rate,Health,mPHDI,MYS,SUCCESS,
prevalence,Dementia prevalence rate,Health,mPHDI,NAM,SUCCESS,
prevalence,Dementia prevalence rate,Health,mPHDI,NER,SUCCESS,
prevalence,Dementia prevalence rate,Health,mPHDI,NGA,SUCCESS,
prevalence,Dementia prevalence rate,Health,mPHDI,NIC,SUCCESS,
prevalence,Dementia prevalence rate,Health,mPHDI,NLD,SUCCESS,
prevalence,Dementia prevalence rate,Health,mPHDI,NOR,SUCCESS,
prevalence,Dementia prevalence rate,Health,mPHDI,NPL,SUCCESS,
prevalence,Dementia prevalence rate,Health,mPHDI,NZL,SUCCESS,
prevalence,Dementia prevalence rate,Health,mPHDI,OMN,SUCCESS,
prevalence,Dementia prevalence rate,Health,mPHDI,PAK,SUCCESS,
prevalence,Dementia prevalence rate,Health,mPHDI,PAN,SUCCESS,
prevalence,Dementia prevalence rate,Health,mPHDI,PER,SUCCESS,
prevalence,Dementia prevalence rate,Health,mPHDI,PHL,SUCCESS,
prevalence,Dementia prevalence rate,Health,mPHDI,PNG,SUCCESS,
prevalence,Dementia prevalence rate,Health,mPHDI,POL,SUCCESS,
prevalence,Dementia prevalence rate,Health,mPHDI,PRT,SUCCESS,
prevalence,Dementia prevalence rate,Health,mPHDI,PRY,SUCCESS,
prevalence,Dementia prevalence rate,Health,mPHDI,PSE,SUCCESS,
prevalence,Dementia prevalence rate,Health,mPHDI,QAT,SUCCESS,
prevalence,Dementia prevalence rate,Health,mPHDI,ROU,SUCCESS,
prevalence,Dementia prevalence rate,Health,mPHDI,RUS,SUCCESS,
prevalence,Dementia prevalence rate,Health,mPHDI,RWA,SUCCESS,
prevalence,Dementia prevalence rate,Health,mPHDI,SAU,SUCCESS,
prevalence,Dementia prevalence rate,Health,mPHDI,SDN,SUCCESS,
prevalence,Dementia prevalence rate,Health,mPHDI,SEN,SUCCESS,
prevalence,Dementia prevalence rate,Health,mPHDI,SGP,SUCCESS,
prevalence,Dementia prevalence rate,Health,mPHDI,SLB,SUCCESS,
prevalence,Dementia prevalence rate,Health,mPHDI,SLE,SUCCESS,
prevalence,Dementia prevalence rate,Health,mPHDI,SLV,SUCCESS,
prevalence,Dementia prevalence rate,Health,mPHDI,SRB,SUCCESS,
prevalence,Dementia prevalence rate,Health,mPHDI,SSD,SUCCESS,
prevalence,Dementia prevalence rate,Health,mPHDI,STP,SUCCESS,
prevalence,Dementia prevalence rate,Health,mPHDI,SUR,SUCCESS,
prevalence,Dementia prevalence rate,Health,mPHDI,SVK,SUCCESS,
prevalence,Dementia prevalence rate,Health,mPHDI,SVN,SUCCESS,
prevalence,Dementia prevalence rate,Health,mPHDI,SWE,SUCCESS,
prevalence,Dementia prevalence rate,Health,mPHDI,SWZ,SUCCESS,
prevalence,Dementia prevalence rate,Health,mPHDI,SYC,SUCCESS,
prevalence,Dementia prevalence rate,Health,mPHDI,SYR,SUCCESS,
prevalence,Dementia prevalence rate,Health,mPHDI,TCD,SUCCESS,
prevalence,Dementia prevalence rate,Health,mPHDI,TGO,SUCCESS,
prevalence,Dementia prevalence rate,Health,mPHDI,THA,SUCCESS,
prevalence,Dementia prevalence rate,Health,mPHDI,TJK,SUCCESS,
prevalence,Dementia prevalence rate,Health,mPHDI,TKM,SUCCESS,
prevalence,Dementia prevalence rate,Health,mPHDI,TLS,SUCCESS,
prevalence,Dementia prevalence rate,Health,mPHDI,TON,SUCCESS,
prevalence,Dementia prevalence rate,Health,mPHDI,TTO,SUCCESS,
prevalence,Dementia prevalence rate,Health,mPHDI,TUN,SUCCESS,
prevalence,Dementia prevalence rate,Health,mPHDI,TUR,SUCCESS,
prevalence,Dementia prevalence rate,Health,mPHDI,TWN,SUCCESS,
prevalence,Dementia prevalence rate,Health,mPHDI,TZA,SUCCESS,
prevalence,Dementia prevalence rate,Health,mPHDI,UGA,SUCCESS,
prevalence,Dementia prevalence rate,Health,mPHDI,UKR,SUCCESS,
prevalence,Dementia prevalence rate,Health,mPHDI,URY,SUCCESS,
prevalence,Dementia prevalence rate,Health,mPHDI,USA,SUCCESS,
prevalence,Dementia prevalence rate,Health,mPHDI,UZB,SUCCESS,
prevalence,Dementia prevalence rate,Health,mPHDI,VCT,SUCCESS,
prevalence,Dementia prevalence rate,Health,mPHDI,VEN,SUCCESS,
prevalence,Dementia prevalence rate,Health,mPHDI,VNM,SUCCESS,
prevalence,Dementia prevalence rate,Health,mPHDI,VUT,SUCCESS,
prevalence,Dementia prevalence rate,Health,mPHDI,WSM,SUCCESS,
prevalence,Dementia prevalence rate,Health,mPHDI,YEM,SUCCESS,
prevalence,Dementia prevalence rate,Health,mPHDI,ZAF,SUCCESS,
prevalence,Dementia prevalence rate,Health,mPHDI,ZMB,SUCCESS,
prevalence,Dementia prevalence rate,Health,mPHDI,ZWE,SUCCESS,
prevalence,Dementia prevalence rate,Health,MED,AFG,SUCCESS,
prevalence,Dementia prevalence rate,Health,MED,AGO,SUCCESS,
prevalence,Dementia prevalence rate,Health,MED,ALB,SUCCESS,
prevalence,Dementia prevalence rate,Health,MED,ARE,SUCCESS,
prevalence,Dementia prevalence rate,Health,MED,ARG,SUCCESS,
prevalence,Dementia prevalence rate,Health,MED,ARM,SUCCESS,
prevalence,Dementia prevalence rate,Health,MED,ATG,SUCCESS,
prevalence,Dementia prevalence rate,Health,MED,AUS,SUCCESS,
prevalence,Dementia prevalence rate,Health,MED,AUT,SUCCESS,
prevalence,Dementia prevalence rate,Health,MED,AZE,SUCCESS,
prevalence,Dementia prevalence rate,Health,MED,BDI,SUCCESS,
prevalence,Dementia prevalence rate,Health,MED,BEL,SUCCESS,
prevalence,Dementia prevalence rate,Health,MED,BEN,SUCCESS,
prevalence,Dementia prevalence rate,Health,MED,BFA,SUCCESS,
prevalence,Dementia prevalence rate,Health,MED,BGD,SUCCESS,
prevalence,Dementia prevalence rate,Health,MED,BGR,SUCCESS,
prevalence,Dementia prevalence rate,Health,MED,BHR,SUCCESS,
prevalence,Dementia prevalence rate,Health,MED,BHS,SUCCESS,
prevalence,Dementia prevalence rate,Health,MED,BIH,SUCCESS,
prevalence,Dementia prevalence rate,Health,MED,BLR,SUCCESS,
prevalence,Dementia prevalence rate,Health,MED,BLZ,SUCCESS,
prevalence,Dementia prevalence rate,Health,MED,BOL,SUCCESS,
prevalence,Dementia prevalence rate,Health,MED,BRA,SUCCESS,
prevalence,Dementia prevalence rate,Health,MED,BRB,SUCCESS,
prevalence,Dementia prevalence rate,Health,MED,BRN,SUCCESS,
prevalence,Dementia prevalence rate,Health,MED,BTN,SUCCESS,
prevalence,Dementia prevalence rate,Health,MED,BWA,SUCCESS,
prevalence,Dementia prevalence rate,Health,MED,CAF,SUCCESS,
prevalence,Dementia prevalence rate,Health,MED,CAN,SUCCESS,
prevalence,Dementia prevalence rate,Health,MED,CHE,SUCCESS,
prevalence,Dementia prevalence rate,Health,MED,CHL,SUCCESS,
prevalence,Dementia prevalence rate,Health,MED,CHN,SUCCESS,
prevalence,Dementia prevalence rate,Health,MED,CIV,SUCCESS,
prevalence,Dementia prevalence rate,Health,MED,CMR,SUCCESS,
prevalence,Dementia prevalence rate,Health,MED,COD,SUCCESS,
prevalence,Dementia prevalence rate,Health,MED,COG,SUCCESS,
prevalence,Dementia prevalence rate,Health,MED,COL,SUCCESS,
prevalence,Dementia prevalence rate,Health,MED,COM,SUCCESS,
prevalence,Dementia prevalence rate,Health,MED,CPV,SUCCESS,
prevalence,Dementia prevalence rate,Health,MED,CRI,SUCCESS,
prevalence,Dementia prevalence rate,Health,MED,CUB,SUCCESS,
prevalence,Dementia prevalence rate,Health,MED,CYP,SUCCESS,
prevalence,Dementia prevalence rate,Health,MED,CZE,SUCCESS,
prevalence,Dementia prevalence rate,Health,MED,DEU,SUCCESS,
prevalence,Dementia prevalence rate,Health,MED,DJI,SUCCESS,
prevalence,Dementia prevalence rate,Health,MED,DMA,SUCCESS,
prevalence,Dementia prevalence rate,Health,MED,DNK,SUCCESS,
prevalence,Dementia prevalence rate,Health,MED,DOM,SUCCESS,
prevalence,Dementia prevalence rate,Health,MED,DZA,SUCCESS,
prevalence,Dementia prevalence rate,Health,MED,ECU,SUCCESS,
prevalence,Dementia prevalence rate,Health,MED,EGY,SUCCESS,
prevalence,Dementia prevalence rate,Health,MED,ERI,SUCCESS,
prevalence,Dementia prevalence rate,Health,MED,ESP,SUCCESS,
prevalence,Dementia prevalence rate,Health,MED,EST,SUCCESS,
prevalence,Dementia prevalence rate,Health,MED,ETH,SUCCESS,
prevalence,Dementia prevalence rate,Health,MED,FIN,SUCCESS,
prevalence,Dementia prevalence rate,Health,MED,FJI,SUCCESS,
prevalence,Dementia prevalence rate,Health,MED,FRA,SUCCESS,
prevalence,Dementia prevalence rate,Health,MED,FSM,SUCCESS,
prevalence,Dementia prevalence rate,Health,MED,GAB,SUCCESS,
prevalence,Dementia prevalence rate,Health,MED,GBR,SUCCESS,
prevalence,Dementia prevalence rate,Health,MED,GEO,SUCCESS,
prevalence,Dementia prevalence rate,Health,MED,GHA,SUCCESS,
prevalence,Dementia prevalence rate,Health,MED,GIN,SUCCESS,
prevalence,Dementia prevalence rate,Health,MED,GMB,SUCCESS,
prevalence,Dementia prevalence rate,Health,MED,GNB,SUCCESS,
prevalence,Dementia prevalence rate,Health,MED,GNQ,SUCCESS,
prevalence,Dementia prevalence rate,Health,MED,GRC,SUCCESS,
prevalence,Dementia prevalence rate,Health,MED,GRD,SUCCESS,
prevalence,Dementia prevalence rate,Health,MED,GTM,SUCCESS,
prevalence,Dementia prevalence rate,Health,MED,GUY,SUCCESS,
prevalence,Dementia prevalence rate,Health,MED,HND,SUCCESS,
prevalence,Dementia prevalence rate,Health,MED,HRV,SUCCESS,
prevalence,Dementia prevalence rate,Health,MED,HTI,SUCCESS,
prevalence,Dementia prevalence rate,Health,MED,HUN,SUCCESS,
prevalence,Dementia prevalence rate,Health,MED,IDN,SUCCESS,
prevalence,Dementia prevalence rate,Health,MED,IND,SUCCESS,
prevalence,Dementia prevalence rate,Health,MED,IRL,SUCCESS,
prevalence,Dementia prevalence rate,Health,MED,IRN,SUCCESS,
prevalence,Dementia prevalence rate,Health,MED,IRQ,SUCCESS,
prevalence,Dementia prevalence rate,Health,MED,ISL,SUCCESS,
prevalence,Dementia prevalence rate,Health,MED,ISR,SUCCESS,
prevalence,Dementia prevalence rate,Health,MED,ITA,SUCCESS,
prevalence,Dementia prevalence rate,Health,MED,JAM,SUCCESS,
prevalence,Dementia prevalence rate,Health,MED,JOR,SUCCESS,
prevalence,Dementia prevalence rate,Health,MED,JPN,SUCCESS,
prevalence,Dementia prevalence rate,Health,MED,KAZ,SUCCESS,
prevalence,Dementia prevalence rate,Health,MED,KEN,SUCCESS,
prevalence,Dementia prevalence rate,Health,MED,KGZ,SUCCESS,
prevalence,Dementia prevalence rate,Health,MED,KHM,SUCCESS,
prevalence,Dementia prevalence rate,Health,MED,KIR,SUCCESS,
prevalence,Dementia prevalence rate,Health,MED,KOR,SUCCESS,
prevalence,Dementia prevalence rate,Health,MED,KWT,SUCCESS,
prevalence,Dementia prevalence rate,Health,MED,LAO,SUCCESS,
prevalence,Dementia prevalence rate,Health,MED,LBN,SUCCESS,
prevalence,Dementia prevalence rate,Health,MED,LBR,SUCCESS,
prevalence,Dementia prevalence rate,Health,MED,LBY,SUCCESS,
prevalence,Dementia prevalence rate,Health,MED,LCA,SUCCESS,
prevalence,Dementia prevalence rate,Health,MED,LKA,SUCCESS,
prevalence,Dementia prevalence rate,Health,MED,LSO,SUCCESS,
prevalence,Dementia prevalence rate,Health,MED,LTU,SUCCESS,
prevalence,Dementia prevalence rate,Health,MED,LUX,SUCCESS,
prevalence,Dementia prevalence rate,Health,MED,LVA,SUCCESS,
prevalence,Dementia prevalence rate,Health,MED,MAR,SUCCESS,
prevalence,Dementia prevalence rate,Health,MED,MDA,SUCCESS,
prevalence,Dementia prevalence rate,Health,MED,MDG,SUCCESS,
prevalence,Dementia prevalence rate,Health,MED,MDV,SUCCESS,
prevalence,Dementia prevalence rate,Health,MED,MEX,SUCCESS,
prevalence,Dementia prevalence rate,Health,MED,MHL,SUCCESS,
prevalence,Dementia prevalence rate,Health,MED,MKD,SUCCESS,
prevalence,Dementia prevalence rate,Health,MED,MLI,SUCCESS,
prevalence,Dementia prevalence rate,Health,MED,MLT,SUCCESS,
prevalence,Dementia prevalence rate,Health,MED,MMR,SUCCESS,
prevalence,Dementia prevalence rate,Health,MED,MNE,SUCCESS,
prevalence,Dementia prevalence rate,Health,MED,MNG,SUCCESS,
prevalence,Dementia prevalence rate,Health,MED,MOZ,SUCCESS,
prevalence,Dementia prevalence rate,Health,MED,MRT,SUCCESS,
prevalence,Dementia prevalence rate,Health,MED,MUS,SUCCESS,
prevalence,Dementia prevalence rate,Health,MED,MWI,SUCCESS,
prevalence,Dementia prevalence rate,Health,MED,MYS,SUCCESS,
prevalence,Dementia prevalence rate,Health,MED,NAM,SUCCESS,
prevalence,Dementia prevalence rate,Health,MED,NER,SUCCESS,
prevalence,Dementia prevalence rate,Health,MED,NGA,SUCCESS,
prevalence,Dementia prevalence rate,Health,MED,NIC,SUCCESS,
prevalence,Dementia prevalence rate,Health,MED,NLD,SUCCESS,
prevalence,Dementia prevalence rate,Health,MED,NOR,SUCCESS,
prevalence,Dementia prevalence rate,Health,MED,NPL,SUCCESS,
prevalence,Dementia prevalence rate,Health,MED,NZL,SUCCESS,
prevalence,Dementia prevalence rate,Health,MED,OMN,SUCCESS,
prevalence,Dementia prevalence rate,Health,MED,PAK,SUCCESS,
prevalence,Dementia prevalence rate,Health,MED,PAN,SUCCESS,
prevalence,Dementia prevalence rate,Health,MED,PER,SUCCESS,
prevalence,Dementia prevalence rate,Health,MED,PHL,SUCCESS,
prevalence,Dementia prevalence rate,Health,MED,PNG,SUCCESS,
prevalence,Dementia prevalence rate,Health,MED,POL,SUCCESS,
prevalence,Dementia prevalence rate,Health,MED,PRT,SUCCESS,
prevalence,Dementia prevalence rate,Health,MED,PRY,SUCCESS,
prevalence,Dementia prevalence rate,Health,MED,PSE,SUCCESS,
prevalence,Dementia prevalence rate,Health,MED,QAT,SUCCESS,
prevalence,Dementia prevalence rate,Health,MED,ROU,SUCCESS,
prevalence,Dementia prevalence rate,Health,MED,RUS,SUCCESS,
prevalence,Dementia prevalence rate,Health,MED,RWA,SUCCESS,
prevalence,Dementia prevalence rate,Health,MED,SAU,SUCCESS,
prevalence,Dementia prevalence rate,Health,MED,SDN,SUCCESS,
prevalence,Dementia prevalence rate,Health,MED,SEN,SUCCESS,
prevalence,Dementia prevalence rate,Health,MED,SGP,SUCCESS,
prevalence,Dementia prevalence rate,Health,MED,SLB,SUCCESS,
prevalence,Dementia prevalence rate,Health,MED,SLE,SUCCESS,
prevalence,Dementia prevalence rate,Health,MED,SLV,SUCCESS,
prevalence,Dementia prevalence rate,Health,MED,SRB,SUCCESS,
prevalence,Dementia prevalence rate,Health,MED,SSD,SUCCESS,
prevalence,Dementia prevalence rate,Health,MED,STP,SUCCESS,
prevalence,Dementia prevalence rate,Health,MED,SUR,SUCCESS,
prevalence,Dementia prevalence rate,Health,MED,SVK,SUCCESS,
prevalence,Dementia prevalence rate,Health,MED,SVN,SUCCESS,
prevalence,Dementia prevalence rate,Health,MED,SWE,SUCCESS,
prevalence,Dementia prevalence rate,Health,MED,SWZ,SUCCESS,
prevalence,Dementia prevalence rate,Health,MED,SYC,SUCCESS,
prevalence,Dementia prevalence rate,Health,MED,SYR,SUCCESS,
prevalence,Dementia prevalence rate,Health,MED,TCD,SUCCESS,
prevalence,Dementia prevalence rate,Health,MED,TGO,SUCCESS,
prevalence,Dementia prevalence rate,Health,MED,THA,SUCCESS,
prevalence,Dementia prevalence rate,Health,MED,TJK,SUCCESS,
prevalence,Dementia prevalence rate,Health,MED,TKM,SUCCESS,
prevalence,Dementia prevalence rate,Health,MED,TLS,SUCCESS,
prevalence,Dementia prevalence rate,Health,MED,TON,SUCCESS,
prevalence,Dementia prevalence rate,Health,MED,TTO,SUCCESS,
prevalence,Dementia prevalence rate,Health,MED,TUN,SUCCESS,
prevalence,Dementia prevalence rate,Health,MED,TUR,SUCCESS,
prevalence,Dementia prevalence rate,Health,MED,TWN,SUCCESS,
prevalence,Dementia prevalence rate,Health,MED,TZA,SUCCESS,
prevalence,Dementia prevalence rate,Health,MED,UGA,SUCCESS,
prevalence,Dementia prevalence rate,Health,MED,UKR,SUCCESS,
prevalence,Dementia prevalence rate,Health,MED,URY,SUCCESS,
prevalence,Dementia prevalence rate,Health,MED,USA,SUCCESS,
prevalence,Dementia prevalence rate,Health,MED,UZB,SUCCESS,
prevalence,Dementia prevalence rate,Health,MED,VCT,SUCCESS,
prevalence,Dementia prevalence rate,Health,MED,VEN,SUCCESS,
prevalence,Dementia prevalence rate,Health,MED,VNM,SUCCESS,
prevalence,Dementia prevalence rate,Health,MED,VUT,SUCCESS,
prevalence,Dementia prevalence rate,Health,MED,WSM,SUCCESS,
prevalence,Dementia prevalence rate,Health,MED,YEM,SUCCESS,
prevalence,Dementia prevalence rate,Health,MED,ZAF,SUCCESS,
prevalence,Dementia prevalence rate,Health,MED,ZMB,SUCCESS,
prevalence,Dementia prevalence rate,Health,MED,ZWE,SUCCESS,
prevalence,Dementia prevalence rate,Health,DASH,AFG,SUCCESS,
prevalence,Dementia prevalence rate,Health,DASH,AGO,SUCCESS,
prevalence,Dementia prevalence rate,Health,DASH,ALB,SUCCESS,
prevalence,Dementia prevalence rate,Health,DASH,ARE,SUCCESS,
prevalence,Dementia prevalence rate,Health,DASH,ARG,SUCCESS,
prevalence,Dementia prevalence rate,Health,DASH,ARM,SUCCESS,
prevalence,Dementia prevalence rate,Health,DASH,ATG,SUCCESS,
prevalence,Dementia prevalence rate,Health,DASH,AUS,SUCCESS,
prevalence,Dementia prevalence rate,Health,DASH,AUT,SUCCESS,
prevalence,Dementia prevalence rate,Health,DASH,AZE,SUCCESS,
prevalence,Dementia prevalence rate,Health,DASH,BDI,SUCCESS,
prevalence,Dementia prevalence rate,Health,DASH,BEL,SUCCESS,
prevalence,Dementia prevalence rate,Health,DASH,BEN,SUCCESS,
prevalence,Dementia prevalence rate,Health,DASH,BFA,SUCCESS,
prevalence,Dementia prevalence rate,Health,DASH,BGD,SUCCESS,
prevalence,Dementia prevalence rate,Health,DASH,BGR,SUCCESS,
prevalence,Dementia prevalence rate,Health,DASH,BHR,SUCCESS,
prevalence,Dementia prevalence rate,Health,DASH,BHS,SUCCESS,
prevalence,Dementia prevalence rate,Health,DASH,BIH,SUCCESS,
prevalence,Dementia prevalence rate,Health,DASH,BLR,SUCCESS,
prevalence,Dementia prevalence rate,Health,DASH,BLZ,SUCCESS,
prevalence,Dementia prevalence rate,Health,DASH,BOL,SUCCESS,
prevalence,Dementia prevalence rate,Health,DASH,BRA,SUCCESS,
prevalence,Dementia prevalence rate,Health,DASH,BRB,SUCCESS,
prevalence,Dementia prevalence rate,Health,DASH,BRN,SUCCESS,
prevalence,Dementia prevalence rate,Health,DASH,BTN,SUCCESS,
prevalence,Dementia prevalence rate,Health,DASH,BWA,SUCCESS,
prevalence,Dementia prevalence rate,Health,DASH,CAF,SUCCESS,
prevalence,Dementia prevalence rate,Health,DASH,CAN,SUCCESS,
prevalence,Dementia prevalence rate,Health,DASH,CHE,SUCCESS,
prevalence,Dementia prevalence rate,Health,DASH,CHL,SUCCESS,
prevalence,Dementia prevalence rate,Health,DASH,CHN,SUCCESS,
prevalence,Dementia prevalence rate,Health,DASH,CIV,SUCCESS,
prevalence,Dementia prevalence rate,Health,DASH,CMR,SUCCESS,
prevalence,Dementia prevalence rate,Health,DASH,COD,SUCCESS,
prevalence,Dementia prevalence rate,Health,DASH,COG,SUCCESS,
prevalence,Dementia prevalence rate,Health,DASH,COL,SUCCESS,
prevalence,Dementia prevalence rate,Health,DASH,COM,SUCCESS,
prevalence,Dementia prevalence rate,Health,DASH,CPV,SUCCESS,
prevalence,Dementia prevalence rate,Health,DASH,CRI,SUCCESS,
prevalence,Dementia prevalence rate,Health,DASH,CUB,SUCCESS,
prevalence,Dementia prevalence rate,Health,DASH,CYP,SUCCESS,
prevalence,Dementia prevalence rate,Health,DASH,CZE,SUCCESS,
prevalence,Dementia prevalence rate,Health,DASH,DEU,SUCCESS,
prevalence,Dementia prevalence rate,Health,DASH,DJI,SUCCESS,
prevalence,Dementia prevalence rate,Health,DASH,DMA,SUCCESS,
prevalence,Dementia prevalence rate,Health,DASH,DNK,SUCCESS,
prevalence,Dementia prevalence rate,Health,DASH,DOM,SUCCESS,
prevalence,Dementia prevalence rate,Health,DASH,DZA,SUCCESS,
prevalence,Dementia prevalence rate,Health,DASH,ECU,SUCCESS,
prevalence,Dementia prevalence rate,Health,DASH,EGY,SUCCESS,
prevalence,Dementia prevalence rate,Health,DASH,ERI,SUCCESS,
prevalence,Dementia prevalence rate,Health,DASH,ESP,SUCCESS,
prevalence,Dementia prevalence rate,Health,DASH,EST,SUCCESS,
prevalence,Dementia prevalence rate,Health,DASH,ETH,SUCCESS,
prevalence,Dementia prevalence rate,Health,DASH,FIN,SUCCESS,
prevalence,Dementia prevalence rate,Health,DASH,FJI,SUCCESS,
prevalence,Dementia prevalence rate,Health,DASH,FRA,SUCCESS,
prevalence,Dementia prevalence rate,Health,DASH,FSM,SUCCESS,
prevalence,Dementia prevalence rate,Health,DASH,GAB,SUCCESS,
prevalence,Dementia prevalence rate,Health,DASH,GBR,SUCCESS,
prevalence,Dementia prevalence rate,Health,DASH,GEO,SUCCESS,
prevalence,Dementia prevalence rate,Health,DASH,GHA,SUCCESS,
prevalence,Dementia prevalence rate,Health,DASH,GIN,SUCCESS,
prevalence,Dementia prevalence rate,Health,DASH,GMB,SUCCESS,
prevalence,Dementia prevalence rate,Health,DASH,GNB,SUCCESS,
prevalence,Dementia prevalence rate,Health,DASH,GNQ,SUCCESS,
prevalence,Dementia prevalence rate,Health,DASH,GRC,SUCCESS,
prevalence,Dementia prevalence rate,Health,DASH,GRD,SUCCESS,
prevalence,Dementia prevalence rate,Health,DASH,GTM,SUCCESS,
prevalence,Dementia prevalence rate,Health,DASH,GUY,SUCCESS,
prevalence,Dementia prevalence rate,Health,DASH,HND,SUCCESS,
prevalence,Dementia prevalence rate,Health,DASH,HRV,SUCCESS,
prevalence,Dementia prevalence rate,Health,DASH,HTI,SUCCESS,
prevalence,Dementia prevalence rate,Health,DASH,HUN,SUCCESS,
prevalence,Dementia prevalence rate,Health,DASH,IDN,SUCCESS,
prevalence,Dementia prevalence rate,Health,DASH,IND,SUCCESS,
prevalence,Dementia prevalence rate,Health,DASH,IRL,SUCCESS,
prevalence,Dementia prevalence rate,Health,DASH,IRN,SUCCESS,
prevalence,Dementia prevalence rate,Health,DASH,IRQ,SUCCESS,
prevalence,Dementia prevalence rate,Health,DASH,ISL,SUCCESS,
prevalence,Dementia prevalence rate,Health,DASH,ISR,SUCCESS,
prevalence,Dementia prevalence rate,Health,DASH,ITA,SUCCESS,
prevalence,Dementia prevalence rate,Health,DASH,JAM,SUCCESS,
prevalence,Dementia prevalence rate,Health,DASH,JOR,SUCCESS,
prevalence,Dementia prevalence rate,Health,DASH,JPN,SUCCESS,
prevalence,Dementia prevalence rate,Health,DASH,KAZ,SUCCESS,
prevalence,Dementia prevalence rate,Health,DASH,KEN,SUCCESS,
prevalence,Dementia prevalence rate,Health,DASH,KGZ,SUCCESS,
prevalence,Dementia prevalence rate,Health,DASH,KHM,SUCCESS,
prevalence,Dementia prevalence rate,Health,DASH,KIR,SUCCESS,
prevalence,Dementia prevalence rate,Health,DASH,KOR,SUCCESS,
prevalence,Dementia prevalence rate,Health,DASH,KWT,SUCCESS,
prevalence,Dementia prevalence rate,Health,DASH,LAO,SUCCESS,
prevalence,Dementia prevalence rate,Health,DASH,LBN,SUCCESS,
prevalence,Dementia prevalence rate,Health,DASH,LBR,SUCCESS,
prevalence,Dementia prevalence rate,Health,DASH,LBY,SUCCESS,
prevalence,Dementia prevalence rate,Health,DASH,LCA,SUCCESS,
prevalence,Dementia prevalence rate,Health,DASH,LKA,SUCCESS,
prevalence,Dementia prevalence rate,Health,DASH,LSO,SUCCESS,
prevalence,Dementia prevalence rate,Health,DASH,LTU,SUCCESS,
prevalence,Dementia prevalence rate,Health,DASH,LUX,SUCCESS,
prevalence,Dementia prevalence rate,Health,DASH,LVA,SUCCESS,
prevalence,Dementia prevalence rate,Health,DASH,MAR,SUCCESS,
prevalence,Dementia prevalence rate,Health,DASH,MDA,SUCCESS,
prevalence,Dementia prevalence rate,Health,DASH,MDG,SUCCESS,
prevalence,Dementia prevalence rate,Health,DASH,MDV,SUCCESS,
prevalence,Dementia prevalence rate,Health,DASH,MEX,SUCCESS,
prevalence,Dementia prevalence rate,Health,DASH,MHL,SUCCESS,
prevalence,Dementia prevalence rate,Health,DASH,MKD,SUCCESS,
prevalence,Dementia prevalence rate,Health,DASH,MLI,SUCCESS,
prevalence,Dementia prevalence rate,Health,DASH,MLT,SUCCESS,
prevalence,Dementia prevalence rate,Health,DASH,MMR,SUCCESS,
prevalence,Dementia prevalence rate,Health,DASH,MNE,SUCCESS,
prevalence,Dementia prevalence rate,Health,DASH,MNG,SUCCESS,
prevalence,Dementia prevalence rate,Health,DASH,MOZ,SUCCESS,
prevalence,Dementia prevalence rate,Health,DASH,MRT,SUCCESS,
prevalence,Dementia prevalence rate,Health,DASH,MUS,SUCCESS,
prevalence,Dementia prevalence rate,Health,DASH,MWI,SUCCESS,
prevalence,Dementia prevalence rate,Health,DASH,MYS,SUCCESS,
prevalence,Dementia prevalence rate,Health,DASH,NAM,SUCCESS,
prevalence,Dementia prevalence rate,Health,DASH,NER,SUCCESS,
prevalence,Dementia prevalence rate,Health,DASH,NGA,SUCCESS,
prevalence,Dementia prevalence rate,Health,DASH,NIC,SUCCESS,
prevalence,Dementia prevalence rate,Health,DASH,NLD,SUCCESS,
prevalence,Dementia prevalence rate,Health,DASH,NOR,SUCCESS,
prevalence,Dementia prevalence rate,Health,DASH,NPL,SUCCESS,
prevalence,Dementia prevalence rate,Health,DASH,NZL,SUCCESS,
prevalence,Dementia prevalence rate,Health,DASH,OMN,SUCCESS,
prevalence,Dementia prevalence rate,Health,DASH,PAK,SUCCESS,
prevalence,Dementia prevalence rate,Health,DASH,PAN,SUCCESS,
prevalence,Dementia prevalence rate,Health,DASH,PER,SUCCESS,
prevalence,Dementia prevalence rate,Health,DASH,PHL,SUCCESS,
prevalence,Dementia prevalence rate,Health,DASH,PNG,SUCCESS,
prevalence,Dementia prevalence rate,Health,DASH,POL,SUCCESS,
prevalence,Dementia prevalence rate,Health,DASH,PRT,SUCCESS,
prevalence,Dementia prevalence rate,Health,DASH,PRY,SUCCESS,
prevalence,Dementia prevalence rate,Health,DASH,PSE,SUCCESS,
prevalence,Dementia prevalence rate,Health,DASH,QAT,SUCCESS,
prevalence,Dementia prevalence rate,Health,DASH,ROU,SUCCESS,
prevalence,Dementia prevalence rate,Health,DASH,RUS,SUCCESS,
prevalence,Dementia prevalence rate,Health,DASH,RWA,SUCCESS,
prevalence,Dementia prevalence rate,Health,DASH,SAU,SUCCESS,
prevalence,Dementia prevalence rate,Health,DASH,SDN,SUCCESS,
prevalence,Dementia prevalence rate,Health,DASH,SEN,SUCCESS,
prevalence,Dementia prevalence rate,Health,DASH,SGP,SUCCESS,
prevalence,Dementia prevalence rate,Health,DASH,SLB,SUCCESS,
prevalence,Dementia prevalence rate,Health,DASH,SLE,SUCCESS,
prevalence,Dementia prevalence rate,Health,DASH,SLV,SUCCESS,
prevalence,Dementia prevalence rate,Health,DASH,SRB,SUCCESS,
prevalence,Dementia prevalence rate,Health,DASH,SSD,SUCCESS,
prevalence,Dementia prevalence rate,Health,DASH,STP,SUCCESS,
prevalence,Dementia prevalence rate,Health,DASH,SUR,SUCCESS,
prevalence,Dementia prevalence rate,Health,DASH,SVK,SUCCESS,
prevalence,Dementia prevalence rate,Health,DASH,SVN,SUCCESS,
prevalence,Dementia prevalence rate,Health,DASH,SWE,SUCCESS,
prevalence,Dementia prevalence rate,Health,DASH,SWZ,SUCCESS,
prevalence,Dementia prevalence rate,Health,DASH,SYC,SUCCESS,
prevalence,Dementia prevalence rate,Health,DASH,SYR,SUCCESS,
prevalence,Dementia prevalence rate,Health,DASH,TCD,SUCCESS,
prevalence,Dementia prevalence rate,Health,DASH,TGO,SUCCESS,
prevalence,Dementia prevalence rate,Health,DASH,THA,SUCCESS,
prevalence,Dementia prevalence rate,Health,DASH,TJK,SUCCESS,
prevalence,Dementia prevalence rate,Health,DASH,TKM,SUCCESS,
prevalence,Dementia prevalence rate,Health,DASH,TLS,SUCCESS,
prevalence,Dementia prevalence rate,Health,DASH,TON,SUCCESS,
prevalence,Dementia prevalence rate,Health,DASH,TTO,SUCCESS,
prevalence,Dementia prevalence rate,Health,DASH,TUN,SUCCESS,
prevalence,Dementia prevalence rate,Health,DASH,TUR,SUCCESS,
prevalence,Dementia prevalence rate,Health,DASH,TWN,SUCCESS,
prevalence,Dementia prevalence rate,Health,DASH,TZA,SUCCESS,
prevalence,Dementia prevalence rate,Health,DASH,UGA,SUCCESS,
prevalence,Dementia prevalence rate,Health,DASH,UKR,SUCCESS,
prevalence,Dementia prevalence rate,Health,DASH,URY,SUCCESS,
prevalence,Dementia prevalence rate,Health,DASH,USA,SUCCESS,
prevalence,Dementia prevalence rate,Health,DASH,UZB,SUCCESS,
prevalence,Dementia prevalence rate,Health,DASH,VCT,SUCCESS,
prevalence,Dementia prevalence rate,Health,DASH,VEN,SUCCESS,
prevalence,Dementia prevalence rate,Health,DASH,VNM,SUCCESS,
prevalence,Dementia prevalence rate,Health,DASH,VUT,SUCCESS,
prevalence,Dementia prevalence rate,Health,DASH,WSM,SUCCESS,
prevalence,Dementia prevalence rate,Health,DASH,YEM,SUCCESS,
prevalence,Dementia prevalence rate,Health,DASH,ZAF,SUCCESS,
prevalence,Dementia prevalence rate,Health,DASH,ZMB,SUCCESS,
prevalence,Dementia prevalence rate,Health,DASH,ZWE,SUCCESS,
prevalence,Dementia prevalence rate,Health,AHEI,AFG,SUCCESS,
prevalence,Dementia prevalence rate,Health,AHEI,AGO,SUCCESS,
prevalence,Dementia prevalence rate,Health,AHEI,ALB,SUCCESS,
prevalence,Dementia prevalence rate,Health,AHEI,ARE,SUCCESS,
prevalence,Dementia prevalence rate,Health,AHEI,ARG,SUCCESS,
prevalence,Dementia prevalence rate,Health,AHEI,ARM,SUCCESS,
prevalence,Dementia prevalence rate,Health,AHEI,ATG,SUCCESS,
prevalence,Dementia prevalence rate,Health,AHEI,AUS,SUCCESS,
prevalence,Dementia prevalence rate,Health,AHEI,AUT,SUCCESS,
prevalence,Dementia prevalence rate,Health,AHEI,AZE,SUCCESS,
prevalence,Dementia prevalence rate,Health,AHEI,BDI,SUCCESS,
prevalence,Dementia prevalence rate,Health,AHEI,BEL,SUCCESS,
prevalence,Dementia prevalence rate,Health,AHEI,BEN,SUCCESS,
prevalence,Dementia prevalence rate,Health,AHEI,BFA,SUCCESS,
prevalence,Dementia prevalence rate,Health,AHEI,BGD,SUCCESS,
prevalence,Dementia prevalence rate,Health,AHEI,BGR,SUCCESS,
prevalence,Dementia prevalence rate,Health,AHEI,BHR,SUCCESS,
prevalence,Dementia prevalence rate,Health,AHEI,BHS,SUCCESS,
prevalence,Dementia prevalence rate,Health,AHEI,BIH,SUCCESS,
prevalence,Dementia prevalence rate,Health,AHEI,BLR,SUCCESS,
prevalence,Dementia prevalence rate,Health,AHEI,BLZ,SUCCESS,
prevalence,Dementia prevalence rate,Health,AHEI,BOL,SUCCESS,
prevalence,Dementia prevalence rate,Health,AHEI,BRA,SUCCESS,
prevalence,Dementia prevalence rate,Health,AHEI,BRB,SUCCESS,
prevalence,Dementia prevalence rate,Health,AHEI,BRN,SUCCESS,
prevalence,Dementia prevalence rate,Health,AHEI,BTN,SUCCESS,
prevalence,Dementia prevalence rate,Health,AHEI,BWA,SUCCESS,
prevalence,Dementia prevalence rate,Health,AHEI,CAF,SUCCESS,
prevalence,Dementia prevalence rate,Health,AHEI,CAN,SUCCESS,
prevalence,Dementia prevalence rate,Health,AHEI,CHE,SUCCESS,
prevalence,Dementia prevalence rate,Health,AHEI,CHL,SUCCESS,
prevalence,Dementia prevalence rate,Health,AHEI,CHN,SUCCESS,
prevalence,Dementia prevalence rate,Health,AHEI,CIV,SUCCESS,
prevalence,Dementia prevalence rate,Health,AHEI,CMR,SUCCESS,
prevalence,Dementia prevalence rate,Health,AHEI,COD,SUCCESS,
prevalence,Dementia prevalence rate,Health,AHEI,COG,SUCCESS,
prevalence,Dementia prevalence rate,Health,AHEI,COL,SUCCESS,
prevalence,Dementia prevalence rate,Health,AHEI,COM,SUCCESS,
prevalence,Dementia prevalence rate,Health,AHEI,CPV,SUCCESS,
prevalence,Dementia prevalence rate,Health,AHEI,CRI,SUCCESS,
prevalence,Dementia prevalence rate,Health,AHEI,CUB,SUCCESS,
prevalence,Dementia prevalence rate,Health,AHEI,CYP,SUCCESS,
prevalence,Dementia prevalence rate,Health,AHEI,CZE,SUCCESS,
prevalence,Dementia prevalence rate,Health,AHEI,DEU,SUCCESS,
prevalence,Dementia prevalence rate,Health,AHEI,DJI,SUCCESS,
prevalence,Dementia prevalence rate,Health,AHEI,DMA,SUCCESS,
prevalence,Dementia prevalence rate,Health,AHEI,DNK,SUCCESS,
prevalence,Dementia prevalence rate,Health,AHEI,DOM,SUCCESS,
prevalence,Dementia prevalence rate,Health,AHEI,DZA,SUCCESS,
prevalence,Dementia prevalence rate,Health,AHEI,ECU,SUCCESS,
prevalence,Dementia prevalence rate,Health,AHEI,EGY,SUCCESS,
prevalence,Dementia prevalence rate,Health,AHEI,ERI,SUCCESS,
prevalence,Dementia prevalence rate,Health,AHEI,ESP,SUCCESS,
prevalence,Dementia prevalence rate,Health,AHEI,EST,SUCCESS,
prevalence,Dementia prevalence rate,Health,AHEI,ETH,SUCCESS,
prevalence,Dementia prevalence rate,Health,AHEI,FIN,SUCCESS,
prevalence,Dementia prevalence rate,Health,AHEI,FJI,SUCCESS,
prevalence,Dementia prevalence rate,Health,AHEI,FRA,SUCCESS,
prevalence,Dementia prevalence rate,Health,AHEI,FSM,SUCCESS,
prevalence,Dementia prevalence rate,Health,AHEI,GAB,SUCCESS,
prevalence,Dementia prevalence rate,Health,AHEI,GBR,SUCCESS,
prevalence,Dementia prevalence rate,Health,AHEI,GEO,SUCCESS,
prevalence,Dementia prevalence rate,Health,AHEI,GHA,SUCCESS,
prevalence,Dementia prevalence rate,Health,AHEI,GIN,SUCCESS,
prevalence,Dementia prevalence rate,Health,AHEI,GMB,SUCCESS,
prevalence,Dementia prevalence rate,Health,AHEI,GNB,SUCCESS,
prevalence,Dementia prevalence rate,Health,AHEI,GNQ,SUCCESS,
prevalence,Dementia prevalence rate,Health,AHEI,GRC,SUCCESS,
prevalence,Dementia prevalence rate,Health,AHEI,GRD,SUCCESS,
prevalence,Dementia prevalence rate,Health,AHEI,GTM,SUCCESS,
prevalence,Dementia prevalence rate,Health,AHEI,GUY,SUCCESS,
prevalence,Dementia prevalence rate,Health,AHEI,HND,SUCCESS,
prevalence,Dementia prevalence rate,Health,AHEI,HRV,SUCCESS,
prevalence,Dementia prevalence rate,Health,AHEI,HTI,SUCCESS,
prevalence,Dementia prevalence rate,Health,AHEI,HUN,SUCCESS,
prevalence,Dementia prevalence rate,Health,AHEI,IDN,SUCCESS,
prevalence,Dementia prevalence rate,Health,AHEI,IND,SUCCESS,
prevalence,Dementia prevalence rate,Health,AHEI,IRL,SUCCESS,
prevalence,Dementia prevalence rate,Health,AHEI,IRN,SUCCESS,
prevalence,Dementia prevalence rate,Health,AHEI,IRQ,SUCCESS,
prevalence,Dementia prevalence rate,Health,AHEI,ISL,SUCCESS,
prevalence,Dementia prevalence rate,Health,AHEI,ISR,SUCCESS,
prevalence,Dementia prevalence rate,Health,AHEI,ITA,SUCCESS,
prevalence,Dementia prevalence rate,Health,AHEI,JAM,SUCCESS,
prevalence,Dementia prevalence rate,Health,AHEI,JOR,SUCCESS,
prevalence,Dementia prevalence rate,Health,AHEI,JPN,SUCCESS,
prevalence,Dementia prevalence rate,Health,AHEI,KAZ,SUCCESS,
prevalence,Dementia prevalence rate,Health,AHEI,KEN,SUCCESS,
prevalence,Dementia prevalence rate,Health,AHEI,KGZ,SUCCESS,
prevalence,Dementia prevalence rate,Health,AHEI,KHM,SUCCESS,
prevalence,Dementia prevalence rate,Health,AHEI,KIR,SUCCESS,
prevalence,Dementia prevalence rate,Health,AHEI,KOR,SUCCESS,
prevalence,Dementia prevalence rate,Health,AHEI,KWT,SUCCESS,
prevalence,Dementia prevalence rate,Health,AHEI,LAO,SUCCESS,
prevalence,Dementia prevalence rate,Health,AHEI,LBN,SUCCESS,
prevalence,Dementia prevalence rate,Health,AHEI,LBR,SUCCESS,
prevalence,Dementia prevalence rate,Health,AHEI,LBY,SUCCESS,
prevalence,Dementia prevalence rate,Health,AHEI,LCA,SUCCESS,
prevalence,Dementia prevalence rate,Health,AHEI,LKA,SUCCESS,
prevalence,Dementia prevalence rate,Health,AHEI,LSO,SUCCESS,
prevalence,Dementia prevalence rate,Health,AHEI,LTU,SUCCESS,
prevalence,Dementia prevalence rate,Health,AHEI,LUX,SUCCESS,
prevalence,Dementia prevalence rate,Health,AHEI,LVA,SUCCESS,
prevalence,Dementia prevalence rate,Health,AHEI,MAR,SUCCESS,
prevalence,Dementia prevalence rate,Health,AHEI,MDA,SUCCESS,
prevalence,Dementia prevalence rate,Health,AHEI,MDG,SUCCESS,
prevalence,Dementia prevalence rate,Health,AHEI,MDV,SUCCESS,
prevalence,Dementia prevalence rate,Health,AHEI,MEX,SUCCESS,
prevalence,Dementia prevalence rate,Health,AHEI,MHL,SUCCESS,
prevalence,Dementia prevalence rate,Health,AHEI,MKD,SUCCESS,
prevalence,Dementia prevalence rate,Health,AHEI,MLI,SUCCESS,
prevalence,Dementia prevalence rate,Health,AHEI,MLT,SUCCESS,
prevalence,Dementia prevalence rate,Health,AHEI,MMR,SUCCESS,
prevalence,Dementia prevalence rate,Health,AHEI,MNE,SUCCESS,
prevalence,Dementia prevalence rate,Health,AHEI,MNG,SUCCESS,
prevalence,Dementia prevalence rate,Health,AHEI,MOZ,SUCCESS,
prevalence,Dementia prevalence rate,Health,AHEI,MRT,SUCCESS,
prevalence,Dementia prevalence rate,Health,AHEI,MUS,SUCCESS,
prevalence,Dementia prevalence rate,Health,AHEI,MWI,SUCCESS,
prevalence,Dementia prevalence rate,Health,AHEI,MYS,SUCCESS,
prevalence,Dementia prevalence rate,Health,AHEI,NAM,SUCCESS,
prevalence,Dementia prevalence rate,Health,AHEI,NER,SUCCESS,
prevalence,Dementia prevalence rate,Health,AHEI,NGA,SUCCESS,
prevalence,Dementia prevalence rate,Health,AHEI,NIC,SUCCESS,
prevalence,Dementia prevalence rate,Health,AHEI,NLD,SUCCESS,
prevalence,Dementia prevalence rate,Health,AHEI,NOR,SUCCESS,
prevalence,Dementia prevalence rate,Health,AHEI,NPL,SUCCESS,
prevalence,Dementia prevalence rate,Health,AHEI,NZL,SUCCESS,
prevalence,Dementia prevalence rate,Health,AHEI,OMN,SUCCESS,
prevalence,Dementia prevalence rate,Health,AHEI,PAK,SUCCESS,
prevalence,Dementia prevalence rate,Health,AHEI,PAN,SUCCESS,
prevalence,Dementia prevalence rate,Health,AHEI,PER,SUCCESS,
prevalence,Dementia prevalence rate,Health,AHEI,PHL,SUCCESS,
prevalence,Dementia prevalence rate,Health,AHEI,PNG,SUCCESS,
prevalence,Dementia prevalence rate,Health,AHEI,POL,SUCCESS,
prevalence,Dementia prevalence rate,Health,AHEI,PRT,SUCCESS,
prevalence,Dementia prevalence rate,Health,AHEI,PRY,SUCCESS,
prevalence,Dementia prevalence rate,Health,AHEI,PSE,SUCCESS,
prevalence,Dementia prevalence rate,Health,AHEI,QAT,SUCCESS,
prevalence,Dementia prevalence rate,Health,AHEI,ROU,SUCCESS,
prevalence,Dementia prevalence rate,Health,AHEI,RUS,SUCCESS,
prevalence,Dementia prevalence rate,Health,AHEI,RWA,SUCCESS,
prevalence,Dementia prevalence rate,Health,AHEI,SAU,SUCCESS,
prevalence,Dementia prevalence rate,Health,AHEI,SDN,SUCCESS,
prevalence,Dementia prevalence rate,Health,AHEI,SEN,SUCCESS,
prevalence,Dementia prevalence rate,Health,AHEI,SGP,SUCCESS,
prevalence,Dementia prevalence rate,Health,AHEI,SLB,SUCCESS,
prevalence,Dementia prevalence rate,Health,AHEI,SLE,SUCCESS,
prevalence,Dementia prevalence rate,Health,AHEI,SLV,SUCCESS,
prevalence,Dementia prevalence rate,Health,AHEI,SRB,SUCCESS,
prevalence,Dementia prevalence rate,Health,AHEI,SSD,SUCCESS,
prevalence,Dementia prevalence rate,Health,AHEI,STP,SUCCESS,
prevalence,Dementia prevalence rate,Health,AHEI,SUR,SUCCESS,
prevalence,Dementia prevalence rate,Health,AHEI,SVK,SUCCESS,
prevalence,Dementia prevalence rate,Health,AHEI,SVN,SUCCESS,
prevalence,Dementia prevalence rate,Health,AHEI,SWE,SUCCESS,
prevalence,Dementia prevalence rate,Health,AHEI,SWZ,SUCCESS,
prevalence,Dementia prevalence rate,Health,AHEI,SYC,SUCCESS,
prevalence,Dementia prevalence rate,Health,AHEI,SYR,SUCCESS,
prevalence,Dementia prevalence rate,Health,AHEI,TCD,SUCCESS,
prevalence,Dementia prevalence rate,Health,AHEI,TGO,SUCCESS,
prevalence,Dementia prevalence rate,Health,AHEI,THA,SUCCESS,
prevalence,Dementia prevalence rate,Health,AHEI,TJK,SUCCESS,
prevalence,Dementia prevalence rate,Health,AHEI,TKM,SUCCESS,
prevalence,Dementia prevalence rate,Health,AHEI,TLS,SUCCESS,
prevalence,Dementia prevalence rate,Health,AHEI,TON,SUCCESS,
prevalence,Dementia prevalence rate,Health,AHEI,TTO,SUCCESS,
prevalence,Dementia prevalence rate,Health,AHEI,TUN,SUCCESS,
prevalence,Dementia prevalence rate,Health,AHEI,TUR,SUCCESS,
prevalence,Dementia prevalence rate,Health,AHEI,TWN,SUCCESS,
prevalence,Dementia prevalence rate,Health,AHEI,TZA,SUCCESS,
prevalence,Dementia prevalence rate,Health,AHEI,UGA,SUCCESS,
prevalence,Dementia prevalence rate,Health,AHEI,UKR,SUCCESS,
prevalence,Dementia prevalence rate,Health,AHEI,URY,SUCCESS,
prevalence,Dementia prevalence rate,Health,AHEI,USA,SUCCESS,
prevalence,Dementia prevalence rate,Health,AHEI,UZB,SUCCESS,
prevalence,Dementia prevalence rate,Health,AHEI,VCT,SUCCESS,
prevalence,Dementia prevalence rate,Health,AHEI,VEN,SUCCESS,
prevalence,Dementia prevalence rate,Health,AHEI,VNM,SUCCESS,
prevalence,Dementia prevalence rate,Health,AHEI,VUT,SUCCESS,
prevalence,Dementia prevalence rate,Health,AHEI,WSM,SUCCESS,
prevalence,Dementia prevalence rate,Health,AHEI,YEM,SUCCESS,
prevalence,Dementia prevalence rate,Health,AHEI,ZAF,SUCCESS,
prevalence,Dementia prevalence rate,Health,AHEI,ZMB,SUCCESS,
prevalence,Dementia prevalence rate,Health,AHEI,ZWE,SUCCESS,
ghg,GHG emissions,Environment,mPHDI,AFG,SUCCESS,
ghg,GHG emissions,Environment,mPHDI,AGO,SUCCESS,
ghg,GHG emissions,Environment,mPHDI,ALB,SUCCESS,
ghg,GHG emissions,Environment,mPHDI,ARE,SUCCESS,
ghg,GHG emissions,Environment,mPHDI,ARG,SUCCESS,
ghg,GHG emissions,Environment,mPHDI,ARM,SUCCESS,
ghg,GHG emissions,Environment,mPHDI,ATG,SUCCESS,
ghg,GHG emissions,Environment,mPHDI,AUS,SUCCESS,
ghg,GHG emissions,Environment,mPHDI,AUT,SUCCESS,
ghg,GHG emissions,Environment,mPHDI,AZE,SUCCESS,
ghg,GHG emissions,Environment,mPHDI,BDI,SUCCESS,
ghg,GHG emissions,Environment,mPHDI,BEL,SUCCESS,
ghg,GHG emissions,Environment,mPHDI,BEN,SUCCESS,
ghg,GHG emissions,Environment,mPHDI,BFA,SUCCESS,
ghg,GHG emissions,Environment,mPHDI,BGD,SUCCESS,
ghg,GHG emissions,Environment,mPHDI,BGR,SUCCESS,
ghg,GHG emissions,Environment,mPHDI,BHR,SUCCESS,
ghg,GHG emissions,Environment,mPHDI,BHS,SUCCESS,
ghg,GHG emissions,Environment,mPHDI,BIH,SUCCESS,
ghg,GHG emissions,Environment,mPHDI,BLR,SUCCESS,
ghg,GHG emissions,Environment,mPHDI,BLZ,SUCCESS,
ghg,GHG emissions,Environment,mPHDI,BOL,SUCCESS,
ghg,GHG emissions,Environment,mPHDI,BRA,SUCCESS,
ghg,GHG emissions,Environment,mPHDI,BRB,SUCCESS,
ghg,GHG emissions,Environment,mPHDI,BRN,SUCCESS,
ghg,GHG emissions,Environment,mPHDI,BTN,SUCCESS,
ghg,GHG emissions,Environment,mPHDI,BWA,SUCCESS,
ghg,GHG emissions,Environment,mPHDI,CAF,SUCCESS,
ghg,GHG emissions,Environment,mPHDI,CAN,SUCCESS,
ghg,GHG emissions,Environment,mPHDI,CHE,SUCCESS,
ghg,GHG emissions,Environment,mPHDI,CHL,SUCCESS,
ghg,GHG emissions,Environment,mPHDI,CHN,SUCCESS,
ghg,GHG emissions,Environment,mPHDI,CIV,SUCCESS,
ghg,GHG emissions,Environment,mPHDI,CMR,SUCCESS,
ghg,GHG emissions,Environment,mPHDI,COD,SUCCESS,
ghg,GHG emissions,Environment,mPHDI,COG,SUCCESS,
ghg,GHG emissions,Environment,mPHDI,COL,SUCCESS,
ghg,GHG emissions,Environment,mPHDI,COM,SUCCESS,
ghg,GHG emissions,Environment,mPHDI,CPV,SUCCESS,
ghg,GHG emissions,Environment,mPHDI,CRI,SUCCESS,
ghg,GHG emissions,Environment,mPHDI,CUB,SUCCESS,
ghg,GHG emissions,Environment,mPHDI,CYP,SUCCESS,
ghg,GHG emissions,Environment,mPHDI,CZE,SUCCESS,
ghg,GHG emissions,Environment,mPHDI,DEU,SUCCESS,
ghg,GHG emissions,Environment,mPHDI,DJI,SUCCESS,
ghg,GHG emissions,Environment,mPHDI,DMA,SUCCESS,
ghg,GHG emissions,Environment,mPHDI,DNK,SUCCESS,
ghg,GHG emissions,Environment,mPHDI,DOM,SUCCESS,
ghg,GHG emissions,Environment,mPHDI,DZA,SUCCESS,
ghg,GHG emissions,Environment,mPHDI,ECU,SUCCESS,
ghg,GHG emissions,Environment,mPHDI,EGY,SUCCESS,
ghg,GHG emissions,Environment,mPHDI,ERI,SUCCESS,
ghg,GHG emissions,Environment,mPHDI,ESP,SUCCESS,
ghg,GHG emissions,Environment,mPHDI,EST,SUCCESS,
ghg,GHG emissions,Environment,mPHDI,ETH,SUCCESS,
ghg,GHG emissions,Environment,mPHDI,FIN,SUCCESS,
ghg,GHG emissions,Environment,mPHDI,FJI,SUCCESS,
ghg,GHG emissions,Environment,mPHDI,FRA,SUCCESS,
ghg,GHG emissions,Environment,mPHDI,FSM,SUCCESS,
ghg,GHG emissions,Environment,mPHDI,GAB,SUCCESS,
ghg,GHG emissions,Environment,mPHDI,GBR,SUCCESS,
ghg,GHG emissions,Environment,mPHDI,GEO,SUCCESS,
ghg,GHG emissions,Environment,mPHDI,GHA,SUCCESS,
ghg,GHG emissions,Environment,mPHDI,GIN,SUCCESS,
ghg,GHG emissions,Environment,mPHDI,GMB,SUCCESS,
ghg,GHG emissions,Environment,mPHDI,GNB,SUCCESS,
ghg,GHG emissions,Environment,mPHDI,GNQ,SUCCESS,
ghg,GHG emissions,Environment,mPHDI,GRC,SUCCESS,
ghg,GHG emissions,Environment,mPHDI,GRD,SUCCESS,
ghg,GHG emissions,Environment,mPHDI,GTM,SUCCESS,
ghg,GHG emissions,Environment,mPHDI,GUY,SUCCESS,
ghg,GHG emissions,Environment,mPHDI,HND,SUCCESS,
ghg,GHG emissions,Environment,mPHDI,HRV,SUCCESS,
ghg,GHG emissions,Environment,mPHDI,HTI,SUCCESS,
ghg,GHG emissions,Environment,mPHDI,HUN,SUCCESS,
ghg,GHG emissions,Environment,mPHDI,IDN,SUCCESS,
ghg,GHG emissions,Environment,mPHDI,IND,SUCCESS,
ghg,GHG emissions,Environment,mPHDI,IRL,SUCCESS,
ghg,GHG emissions,Environment,mPHDI,IRN,SUCCESS,
ghg,GHG emissions,Environment,mPHDI,IRQ,SUCCESS,
ghg,GHG emissions,Environment,mPHDI,ISL,SUCCESS,
ghg,GHG emissions,Environment,mPHDI,ISR,SUCCESS,
ghg,GHG emissions,Environment,mPHDI,ITA,SUCCESS,
ghg,GHG emissions,Environment,mPHDI,JAM,SUCCESS,
ghg,GHG emissions,Environment,mPHDI,JOR,SUCCESS,
ghg,GHG emissions,Environment,mPHDI,JPN,SUCCESS,
ghg,GHG emissions,Environment,mPHDI,KAZ,SUCCESS,
ghg,GHG emissions,Environment,mPHDI,KEN,SUCCESS,
ghg,GHG emissions,Environment,mPHDI,KGZ,SUCCESS,
ghg,GHG emissions,Environment,mPHDI,KHM,SUCCESS,
ghg,GHG emissions,Environment,mPHDI,KIR,SUCCESS,
ghg,GHG emissions,Environment,mPHDI,KOR,SUCCESS,
ghg,GHG emissions,Environment,mPHDI,KWT,SUCCESS,
ghg,GHG emissions,Environment,mPHDI,LAO,SUCCESS,
ghg,GHG emissions,Environment,mPHDI,LBN,SUCCESS,
ghg,GHG emissions,Environment,mPHDI,LBR,SUCCESS,
ghg,GHG emissions,Environment,mPHDI,LBY,SUCCESS,
ghg,GHG emissions,Environment,mPHDI,LCA,SUCCESS,
ghg,GHG emissions,Environment,mPHDI,LKA,SUCCESS,
ghg,GHG emissions,Environment,mPHDI,LSO,SUCCESS,
ghg,GHG emissions,Environment,mPHDI,LTU,SUCCESS,
ghg,GHG emissions,Environment,mPHDI,LUX,SUCCESS,
ghg,GHG emissions,Environment,mPHDI,LVA,SUCCESS,
ghg,GHG emissions,Environment,mPHDI,MAR,SUCCESS,
ghg,GHG emissions,Environment,mPHDI,MDA,SUCCESS,
ghg,GHG emissions,Environment,mPHDI,MDG,SUCCESS,
ghg,GHG emissions,Environment,mPHDI,MDV,SUCCESS,
ghg,GHG emissions,Environment,mPHDI,MEX,SUCCESS,
ghg,GHG emissions,Environment,mPHDI,MHL,SUCCESS,
ghg,GHG emissions,Environment,mPHDI,MKD,SUCCESS,
ghg,GHG emissions,Environment,mPHDI,MLI,SUCCESS,
ghg,GHG emissions,Environment,mPHDI,MLT,SUCCESS,
ghg,GHG emissions,Environment,mPHDI,MMR,SUCCESS,
ghg,GHG emissions,Environment,mPHDI,MNE,SUCCESS,
ghg,GHG emissions,Environment,mPHDI,MNG,SUCCESS,
ghg,GHG emissions,Environment,mPHDI,MOZ,SUCCESS,
ghg,GHG emissions,Environment,mPHDI,MRT,SUCCESS,
ghg,GHG emissions,Environment,mPHDI,MUS,SUCCESS,
ghg,GHG emissions,Environment,mPHDI,MWI,SUCCESS,
ghg,GHG emissions,Environment,mPHDI,MYS,SUCCESS,
ghg,GHG emissions,Environment,mPHDI,NAM,SUCCESS,
ghg,GHG emissions,Environment,mPHDI,NER,SUCCESS,
ghg,GHG emissions,Environment,mPHDI,NGA,SUCCESS,
ghg,GHG emissions,Environment,mPHDI,NIC,SUCCESS,
ghg,GHG emissions,Environment,mPHDI,NLD,SUCCESS,
ghg,GHG emissions,Environment,mPHDI,NOR,SUCCESS,
ghg,GHG emissions,Environment,mPHDI,NPL,SUCCESS,
ghg,GHG emissions,Environment,mPHDI,NZL,SUCCESS,
ghg,GHG emissions,Environment,mPHDI,OMN,SUCCESS,
ghg,GHG emissions,Environment,mPHDI,PAK,SUCCESS,
ghg,GHG emissions,Environment,mPHDI,PAN,SUCCESS,
ghg,GHG emissions,Environment,mPHDI,PER,SUCCESS,
ghg,GHG emissions,Environment,mPHDI,PHL,SUCCESS,
ghg,GHG emissions,Environment,mPHDI,PNG,SUCCESS,
ghg,GHG emissions,Environment,mPHDI,POL,SUCCESS,
ghg,GHG emissions,Environment,mPHDI,PRT,SUCCESS,
ghg,GHG emissions,Environment,mPHDI,PRY,SUCCESS,
ghg,GHG emissions,Environment,mPHDI,PSE,SUCCESS,
ghg,GHG emissions,Environment,mPHDI,QAT,SUCCESS,
ghg,GHG emissions,Environment,mPHDI,ROU,SUCCESS,
ghg,GHG emissions,Environment,mPHDI,RUS,SUCCESS,
ghg,GHG emissions,Environment,mPHDI,RWA,SUCCESS,
ghg,GHG emissions,Environment,mPHDI,SAU,SUCCESS,
ghg,GHG emissions,Environment,mPHDI,SDN,SUCCESS,
ghg,GHG emissions,Environment,mPHDI,SEN,SUCCESS,
ghg,GHG emissions,Environment,mPHDI,SGP,SUCCESS,
ghg,GHG emissions,Environment,mPHDI,SLB,SUCCESS,
ghg,GHG emissions,Environment,mPHDI,SLE,SUCCESS,
ghg,GHG emissions,Environment,mPHDI,SLV,SUCCESS,
ghg,GHG emissions,Environment,mPHDI,SRB,SUCCESS,
ghg,GHG emissions,Environment,mPHDI,SSD,SUCCESS,
ghg,GHG emissions,Environment,mPHDI,STP,SUCCESS,
ghg,GHG emissions,Environment,mPHDI,SUR,SUCCESS,
ghg,GHG emissions,Environment,mPHDI,SVK,SUCCESS,
ghg,GHG emissions,Environment,mPHDI,SVN,SUCCESS,
ghg,GHG emissions,Environment,mPHDI,SWE,SUCCESS,
ghg,GHG emissions,Environment,mPHDI,SWZ,SUCCESS,
ghg,GHG emissions,Environment,mPHDI,SYC,SUCCESS,
ghg,GHG emissions,Environment,mPHDI,SYR,SUCCESS,
ghg,GHG emissions,Environment,mPHDI,TCD,SUCCESS,
ghg,GHG emissions,Environment,mPHDI,TGO,SUCCESS,
ghg,GHG emissions,Environment,mPHDI,THA,SUCCESS,
ghg,GHG emissions,Environment,mPHDI,TJK,SUCCESS,
ghg,GHG emissions,Environment,mPHDI,TKM,SUCCESS,
ghg,GHG emissions,Environment,mPHDI,TLS,SUCCESS,
ghg,GHG emissions,Environment,mPHDI,TON,SUCCESS,
ghg,GHG emissions,Environment,mPHDI,TTO,SUCCESS,
ghg,GHG emissions,Environment,mPHDI,TUN,SUCCESS,
ghg,GHG emissions,Environment,mPHDI,TUR,SUCCESS,
ghg,GHG emissions,Environment,mPHDI,TWN,SUCCESS,
ghg,GHG emissions,Environment,mPHDI,TZA,SUCCESS,
ghg,GHG emissions,Environment,mPHDI,UGA,SUCCESS,
ghg,GHG emissions,Environment,mPHDI,UKR,SUCCESS,
ghg,GHG emissions,Environment,mPHDI,URY,SUCCESS,
ghg,GHG emissions,Environment,mPHDI,USA,SUCCESS,
ghg,GHG emissions,Environment,mPHDI,UZB,SUCCESS,
ghg,GHG emissions,Environment,mPHDI,VCT,SUCCESS,
ghg,GHG emissions,Environment,mPHDI,VEN,SUCCESS,
ghg,GHG emissions,Environment,mPHDI,VNM,SUCCESS,
ghg,GHG emissions,Environment,mPHDI,VUT,SUCCESS,
ghg,GHG emissions,Environment,mPHDI,WSM,SUCCESS,
ghg,GHG emissions,Environment,mPHDI,YEM,SUCCESS,
ghg,GHG emissions,Environment,mPHDI,ZAF,SUCCESS,
ghg,GHG emissions,Environment,mPHDI,ZMB,SUCCESS,
ghg,GHG emissions,Environment,mPHDI,ZWE,SUCCESS,
ghg,GHG emissions,Environment,MED,AFG,SUCCESS,
ghg,GHG emissions,Environment,MED,AGO,SUCCESS,
ghg,GHG emissions,Environment,MED,ALB,SUCCESS,
ghg,GHG emissions,Environment,MED,ARE,SUCCESS,
ghg,GHG emissions,Environment,MED,ARG,SUCCESS,
ghg,GHG emissions,Environment,MED,ARM,SUCCESS,
ghg,GHG emissions,Environment,MED,ATG,SUCCESS,
ghg,GHG emissions,Environment,MED,AUS,SUCCESS,
ghg,GHG emissions,Environment,MED,AUT,SUCCESS,
ghg,GHG emissions,Environment,MED,AZE,SUCCESS,
ghg,GHG emissions,Environment,MED,BDI,SUCCESS,
ghg,GHG emissions,Environment,MED,BEL,SUCCESS,
ghg,GHG emissions,Environment,MED,BEN,SUCCESS,
ghg,GHG emissions,Environment,MED,BFA,SUCCESS,
ghg,GHG emissions,Environment,MED,BGD,SUCCESS,
ghg,GHG emissions,Environment,MED,BGR,SUCCESS,
ghg,GHG emissions,Environment,MED,BHR,SUCCESS,
ghg,GHG emissions,Environment,MED,BHS,SUCCESS,
ghg,GHG emissions,Environment,MED,BIH,SUCCESS,
ghg,GHG emissions,Environment,MED,BLR,SUCCESS,
ghg,GHG emissions,Environment,MED,BLZ,SUCCESS,
ghg,GHG emissions,Environment,MED,BOL,SUCCESS,
ghg,GHG emissions,Environment,MED,BRA,SUCCESS,
ghg,GHG emissions,Environment,MED,BRB,SUCCESS,
ghg,GHG emissions,Environment,MED,BRN,SUCCESS,
ghg,GHG emissions,Environment,MED,BTN,SUCCESS,
ghg,GHG emissions,Environment,MED,BWA,SUCCESS,
ghg,GHG emissions,Environment,MED,CAF,SUCCESS,
ghg,GHG emissions,Environment,MED,CAN,SUCCESS,
ghg,GHG emissions,Environment,MED,CHE,SUCCESS,
ghg,GHG emissions,Environment,MED,CHL,SUCCESS,
ghg,GHG emissions,Environment,MED,CHN,SUCCESS,
ghg,GHG emissions,Environment,MED,CIV,SUCCESS,
ghg,GHG emissions,Environment,MED,CMR,SUCCESS,
ghg,GHG emissions,Environment,MED,COD,SUCCESS,
ghg,GHG emissions,Environment,MED,COG,SUCCESS,
ghg,GHG emissions,Environment,MED,COL,SUCCESS,
ghg,GHG emissions,Environment,MED,COM,SUCCESS,
ghg,GHG emissions,Environment,MED,CPV,SUCCESS,
ghg,GHG emissions,Environment,MED,CRI,SUCCESS,
ghg,GHG emissions,Environment,MED,CUB,SUCCESS,
ghg,GHG emissions,Environment,MED,CYP,SUCCESS,
ghg,GHG emissions,Environment,MED,CZE,SUCCESS,
ghg,GHG emissions,Environment,MED,DEU,SUCCESS,
ghg,GHG emissions,Environment,MED,DJI,SUCCESS,
ghg,GHG emissions,Environment,MED,DMA,SUCCESS,
ghg,GHG emissions,Environment,MED,DNK,SUCCESS,
ghg,GHG emissions,Environment,MED,DOM,SUCCESS,
ghg,GHG emissions,Environment,MED,DZA,SUCCESS,
ghg,GHG emissions,Environment,MED,ECU,SUCCESS,
ghg,GHG emissions,Environment,MED,EGY,SUCCESS,
ghg,GHG emissions,Environment,MED,ERI,SUCCESS,
ghg,GHG emissions,Environment,MED,ESP,SUCCESS,
ghg,GHG emissions,Environment,MED,EST,SUCCESS,
ghg,GHG emissions,Environment,MED,ETH,SUCCESS,
ghg,GHG emissions,Environment,MED,FIN,SUCCESS,
ghg,GHG emissions,Environment,MED,FJI,SUCCESS,
ghg,GHG emissions,Environment,MED,FRA,SUCCESS,
ghg,GHG emissions,Environment,MED,FSM,SUCCESS,
ghg,GHG emissions,Environment,MED,GAB,SUCCESS,
ghg,GHG emissions,Environment,MED,GBR,SUCCESS,
ghg,GHG emissions,Environment,MED,GEO,SUCCESS,
ghg,GHG emissions,Environment,MED,GHA,SUCCESS,
ghg,GHG emissions,Environment,MED,GIN,SUCCESS,
ghg,GHG emissions,Environment,MED,GMB,SUCCESS,
ghg,GHG emissions,Environment,MED,GNB,SUCCESS,
ghg,GHG emissions,Environment,MED,GNQ,SUCCESS,
ghg,GHG emissions,Environment,MED,GRC,SUCCESS,
ghg,GHG emissions,Environment,MED,GRD,SUCCESS,
ghg,GHG emissions,Environment,MED,GTM,SUCCESS,
ghg,GHG emissions,Environment,MED,GUY,SUCCESS,
ghg,GHG emissions,Environment,MED,HND,SUCCESS,
ghg,GHG emissions,Environment,MED,HRV,SUCCESS,
ghg,GHG emissions,Environment,MED,HTI,SUCCESS,
ghg,GHG emissions,Environment,MED,HUN,SUCCESS,
ghg,GHG emissions,Environment,MED,IDN,SUCCESS,
ghg,GHG emissions,Environment,MED,IND,SUCCESS,
ghg,GHG emissions,Environment,MED,IRL,SUCCESS,
ghg,GHG emissions,Environment,MED,IRN,SUCCESS,
ghg,GHG emissions,Environment,MED,IRQ,SUCCESS,
ghg,GHG emissions,Environment,MED,ISL,SUCCESS,
ghg,GHG emissions,Environment,MED,ISR,SUCCESS,
ghg,GHG emissions,Environment,MED,ITA,SUCCESS,
ghg,GHG emissions,Environment,MED,JAM,SUCCESS,
ghg,GHG emissions,Environment,MED,JOR,SUCCESS,
ghg,GHG emissions,Environment,MED,JPN,SUCCESS,
ghg,GHG emissions,Environment,MED,KAZ,SUCCESS,
ghg,GHG emissions,Environment,MED,KEN,SUCCESS,
ghg,GHG emissions,Environment,MED,KGZ,SUCCESS,
ghg,GHG emissions,Environment,MED,KHM,SUCCESS,
ghg,GHG emissions,Environment,MED,KIR,SUCCESS,
ghg,GHG emissions,Environment,MED,KOR,SUCCESS,
ghg,GHG emissions,Environment,MED,KWT,SUCCESS,
ghg,GHG emissions,Environment,MED,LAO,SUCCESS,
ghg,GHG emissions,Environment,MED,LBN,SUCCESS,
ghg,GHG emissions,Environment,MED,LBR,SUCCESS,
ghg,GHG emissions,Environment,MED,LBY,SUCCESS,
ghg,GHG emissions,Environment,MED,LCA,SUCCESS,
ghg,GHG emissions,Environment,MED,LKA,SUCCESS,
ghg,GHG emissions,Environment,MED,LSO,SUCCESS,
ghg,GHG emissions,Environment,MED,LTU,SUCCESS,
ghg,GHG emissions,Environment,MED,LUX,SUCCESS,
ghg,GHG emissions,Environment,MED,LVA,SUCCESS,
ghg,GHG emissions,Environment,MED,MAR,SUCCESS,
ghg,GHG emissions,Environment,MED,MDA,SUCCESS,
ghg,GHG emissions,Environment,MED,MDG,SUCCESS,
ghg,GHG emissions,Environment,MED,MDV,SUCCESS,
ghg,GHG emissions,Environment,MED,MEX,SUCCESS,
ghg,GHG emissions,Environment,MED,MHL,SUCCESS,
ghg,GHG emissions,Environment,MED,MKD,SUCCESS,
ghg,GHG emissions,Environment,MED,MLI,SUCCESS,
ghg,GHG emissions,Environment,MED,MLT,SUCCESS,
ghg,GHG emissions,Environment,MED,MMR,SUCCESS,
ghg,GHG emissions,Environment,MED,MNE,SUCCESS,
ghg,GHG emissions,Environment,MED,MNG,SUCCESS,
ghg,GHG emissions,Environment,MED,MOZ,SUCCESS,
ghg,GHG emissions,Environment,MED,MRT,SUCCESS,
ghg,GHG emissions,Environment,MED,MUS,SUCCESS,
ghg,GHG emissions,Environment,MED,MWI,SUCCESS,
ghg,GHG emissions,Environment,MED,MYS,SUCCESS,
ghg,GHG emissions,Environment,MED,NAM,SUCCESS,
ghg,GHG emissions,Environment,MED,NER,SUCCESS,
ghg,GHG emissions,Environment,MED,NGA,SUCCESS,
ghg,GHG emissions,Environment,MED,NIC,SUCCESS,
ghg,GHG emissions,Environment,MED,NLD,SUCCESS,
ghg,GHG emissions,Environment,MED,NOR,SUCCESS,
ghg,GHG emissions,Environment,MED,NPL,SUCCESS,
ghg,GHG emissions,Environment,MED,NZL,SUCCESS,
ghg,GHG emissions,Environment,MED,OMN,SUCCESS,
ghg,GHG emissions,Environment,MED,PAK,SUCCESS,
ghg,GHG emissions,Environment,MED,PAN,SUCCESS,
ghg,GHG emissions,Environment,MED,PER,SUCCESS,
ghg,GHG emissions,Environment,MED,PHL,SUCCESS,
ghg,GHG emissions,Environment,MED,PNG,SUCCESS,
ghg,GHG emissions,Environment,MED,POL,SUCCESS,
ghg,GHG emissions,Environment,MED,PRT,SUCCESS,
ghg,GHG emissions,Environment,MED,PRY,SUCCESS,
ghg,GHG emissions,Environment,MED,PSE,SUCCESS,
ghg,GHG emissions,Environment,MED,QAT,SUCCESS,
ghg,GHG emissions,Environment,MED,ROU,SUCCESS,
ghg,GHG emissions,Environment,MED,RUS,SUCCESS,
ghg,GHG emissions,Environment,MED,RWA,SUCCESS,
ghg,GHG emissions,Environment,MED,SAU,SUCCESS,
ghg,GHG emissions,Environment,MED,SDN,SUCCESS,
ghg,GHG emissions,Environment,MED,SEN,SUCCESS,
ghg,GHG emissions,Environment,MED,SGP,SUCCESS,
ghg,GHG emissions,Environment,MED,SLB,SUCCESS,
ghg,GHG emissions,Environment,MED,SLE,SUCCESS,
ghg,GHG emissions,Environment,MED,SLV,SUCCESS,
ghg,GHG emissions,Environment,MED,SRB,SUCCESS,
ghg,GHG emissions,Environment,MED,SSD,SUCCESS,
ghg,GHG emissions,Environment,MED,STP,SUCCESS,
ghg,GHG emissions,Environment,MED,SUR,SUCCESS,
ghg,GHG emissions,Environment,MED,SVK,SUCCESS,
ghg,GHG emissions,Environment,MED,SVN,SUCCESS,
ghg,GHG emissions,Environment,MED,SWE,SUCCESS,
ghg,GHG emissions,Environment,MED,SWZ,SUCCESS,
ghg,GHG emissions,Environment,MED,SYC,SUCCESS,
ghg,GHG emissions,Environment,MED,SYR,SUCCESS,
ghg,GHG emissions,Environment,MED,TCD,SUCCESS,
ghg,GHG emissions,Environment,MED,TGO,SUCCESS,
ghg,GHG emissions,Environment,MED,THA,SUCCESS,
ghg,GHG emissions,Environment,MED,TJK,SUCCESS,
ghg,GHG emissions,Environment,MED,TKM,SUCCESS,
ghg,GHG emissions,Environment,MED,TLS,SUCCESS,
ghg,GHG emissions,Environment,MED,TON,SUCCESS,
ghg,GHG emissions,Environment,MED,TTO,SUCCESS,
ghg,GHG emissions,Environment,MED,TUN,SUCCESS,
ghg,GHG emissions,Environment,MED,TUR,SUCCESS,
ghg,GHG emissions,Environment,MED,TWN,SUCCESS,
ghg,GHG emissions,Environment,MED,TZA,SUCCESS,
ghg,GHG emissions,Environment,MED,UGA,SUCCESS,
ghg,GHG emissions,Environment,MED,UKR,SUCCESS,
ghg,GHG emissions,Environment,MED,URY,SUCCESS,
ghg,GHG emissions,Environment,MED,USA,SUCCESS,
ghg,GHG emissions,Environment,MED,UZB,SUCCESS,
ghg,GHG emissions,Environment,MED,VCT,SUCCESS,
ghg,GHG emissions,Environment,MED,VEN,SUCCESS,
ghg,GHG emissions,Environment,MED,VNM,SUCCESS,
ghg,GHG emissions,Environment,MED,VUT,SUCCESS,
ghg,GHG emissions,Environment,MED,WSM,SUCCESS,
ghg,GHG emissions,Environment,MED,YEM,SUCCESS,
ghg,GHG emissions,Environment,MED,ZAF,SUCCESS,
ghg,GHG emissions,Environment,MED,ZMB,SUCCESS,
ghg,GHG emissions,Environment,MED,ZWE,SUCCESS,
ghg,GHG emissions,Environment,DASH,AFG,SUCCESS,
ghg,GHG emissions,Environment,DASH,AGO,SUCCESS,
ghg,GHG emissions,Environment,DASH,ALB,SUCCESS,
ghg,GHG emissions,Environment,DASH,ARE,SUCCESS,
ghg,GHG emissions,Environment,DASH,ARG,SUCCESS,
ghg,GHG emissions,Environment,DASH,ARM,SUCCESS,
ghg,GHG emissions,Environment,DASH,ATG,SUCCESS,
ghg,GHG emissions,Environment,DASH,AUS,SUCCESS,
ghg,GHG emissions,Environment,DASH,AUT,SUCCESS,
ghg,GHG emissions,Environment,DASH,AZE,SUCCESS,
ghg,GHG emissions,Environment,DASH,BDI,SUCCESS,
ghg,GHG emissions,Environment,DASH,BEL,SUCCESS,
ghg,GHG emissions,Environment,DASH,BEN,SUCCESS,
ghg,GHG emissions,Environment,DASH,BFA,SUCCESS,
ghg,GHG emissions,Environment,DASH,BGD,SUCCESS,
ghg,GHG emissions,Environment,DASH,BGR,SUCCESS,
ghg,GHG emissions,Environment,DASH,BHR,SUCCESS,
ghg,GHG emissions,Environment,DASH,BHS,SUCCESS,
ghg,GHG emissions,Environment,DASH,BIH,SUCCESS,
ghg,GHG emissions,Environment,DASH,BLR,SUCCESS,
ghg,GHG emissions,Environment,DASH,BLZ,SUCCESS,
ghg,GHG emissions,Environment,DASH,BOL,SUCCESS,
ghg,GHG emissions,Environment,DASH,BRA,SUCCESS,
ghg,GHG emissions,Environment,DASH,BRB,SUCCESS,
ghg,GHG emissions,Environment,DASH,BRN,SUCCESS,
ghg,GHG emissions,Environment,DASH,BTN,SUCCESS,
ghg,GHG emissions,Environment,DASH,BWA,SUCCESS,
ghg,GHG emissions,Environment,DASH,CAF,SUCCESS,
ghg,GHG emissions,Environment,DASH,CAN,SUCCESS,
ghg,GHG emissions,Environment,DASH,CHE,SUCCESS,
ghg,GHG emissions,Environment,DASH,CHL,SUCCESS,
ghg,GHG emissions,Environment,DASH,CHN,SUCCESS,
ghg,GHG emissions,Environment,DASH,CIV,SUCCESS,
ghg,GHG emissions,Environment,DASH,CMR,SUCCESS,
ghg,GHG emissions,Environment,DASH,COD,SUCCESS,
ghg,GHG emissions,Environment,DASH,COG,SUCCESS,
ghg,GHG emissions,Environment,DASH,COL,SUCCESS,
ghg,GHG emissions,Environment,DASH,COM,SUCCESS,
ghg,GHG emissions,Environment,DASH,CPV,SUCCESS,
ghg,GHG emissions,Environment,DASH,CRI,SUCCESS,
ghg,GHG emissions,Environment,DASH,CUB,SUCCESS,
ghg,GHG emissions,Environment,DASH,CYP,SUCCESS,
ghg,GHG emissions,Environment,DASH,CZE,SUCCESS,
ghg,GHG emissions,Environment,DASH,DEU,SUCCESS,
ghg,GHG emissions,Environment,DASH,DJI,SUCCESS,
ghg,GHG emissions,Environment,DASH,DMA,SUCCESS,
ghg,GHG emissions,Environment,DASH,DNK,SUCCESS,
ghg,GHG emissions,Environment,DASH,DOM,SUCCESS,
ghg,GHG emissions,Environment,DASH,DZA,SUCCESS,
ghg,GHG emissions,Environment,DASH,ECU,SUCCESS,
ghg,GHG emissions,Environment,DASH,EGY,SUCCESS,
ghg,GHG emissions,Environment,DASH,ERI,SUCCESS,
ghg,GHG emissions,Environment,DASH,ESP,SUCCESS,
ghg,GHG emissions,Environment,DASH,EST,SUCCESS,
ghg,GHG emissions,Environment,DASH,ETH,SUCCESS,
ghg,GHG emissions,Environment,DASH,FIN,SUCCESS,
ghg,GHG emissions,Environment,DASH,FJI,SUCCESS,
ghg,GHG emissions,Environment,DASH,FRA,SUCCESS,
ghg,GHG emissions,Environment,DASH,FSM,SUCCESS,
ghg,GHG emissions,Environment,DASH,GAB,SUCCESS,
ghg,GHG emissions,Environment,DASH,GBR,SUCCESS,
ghg,GHG emissions,Environment,DASH,GEO,SUCCESS,
ghg,GHG emissions,Environment,DASH,GHA,SUCCESS,
ghg,GHG emissions,Environment,DASH,GIN,SUCCESS,
ghg,GHG emissions,Environment,DASH,GMB,SUCCESS,
ghg,GHG emissions,Environment,DASH,GNB,SUCCESS,
ghg,GHG emissions,Environment,DASH,GNQ,SUCCESS,
ghg,GHG emissions,Environment,DASH,GRC,SUCCESS,
ghg,GHG emissions,Environment,DASH,GRD,SUCCESS,
ghg,GHG emissions,Environment,DASH,GTM,SUCCESS,
ghg,GHG emissions,Environment,DASH,GUY,SUCCESS,
ghg,GHG emissions,Environment,DASH,HND,SUCCESS,
ghg,GHG emissions,Environment,DASH,HRV,SUCCESS,
ghg,GHG emissions,Environment,DASH,HTI,SUCCESS,
ghg,GHG emissions,Environment,DASH,HUN,SUCCESS,
ghg,GHG emissions,Environment,DASH,IDN,SUCCESS,
ghg,GHG emissions,Environment,DASH,IND,SUCCESS,
ghg,GHG emissions,Environment,DASH,IRL,SUCCESS,
ghg,GHG emissions,Environment,DASH,IRN,SUCCESS,
ghg,GHG emissions,Environment,DASH,IRQ,SUCCESS,
ghg,GHG emissions,Environment,DASH,ISL,SUCCESS,
ghg,GHG emissions,Environment,DASH,ISR,SUCCESS,
ghg,GHG emissions,Environment,DASH,ITA,SUCCESS,
ghg,GHG emissions,Environment,DASH,JAM,SUCCESS,
ghg,GHG emissions,Environment,DASH,JOR,SUCCESS,
ghg,GHG emissions,Environment,DASH,JPN,SUCCESS,
ghg,GHG emissions,Environment,DASH,KAZ,SUCCESS,
ghg,GHG emissions,Environment,DASH,KEN,SUCCESS,
ghg,GHG emissions,Environment,DASH,KGZ,SUCCESS,
ghg,GHG emissions,Environment,DASH,KHM,SUCCESS,
ghg,GHG emissions,Environment,DASH,KIR,SUCCESS,
ghg,GHG emissions,Environment,DASH,KOR,SUCCESS,
ghg,GHG emissions,Environment,DASH,KWT,SUCCESS,
ghg,GHG emissions,Environment,DASH,LAO,SUCCESS,
ghg,GHG emissions,Environment,DASH,LBN,SUCCESS,
ghg,GHG emissions,Environment,DASH,LBR,SUCCESS,
ghg,GHG emissions,Environment,DASH,LBY,SUCCESS,
ghg,GHG emissions,Environment,DASH,LCA,SUCCESS,
ghg,GHG emissions,Environment,DASH,LKA,SUCCESS,
ghg,GHG emissions,Environment,DASH,LSO,SUCCESS,
ghg,GHG emissions,Environment,DASH,LTU,SUCCESS,
ghg,GHG emissions,Environment,DASH,LUX,SUCCESS,
ghg,GHG emissions,Environment,DASH,LVA,SUCCESS,
ghg,GHG emissions,Environment,DASH,MAR,SUCCESS,
ghg,GHG emissions,Environment,DASH,MDA,SUCCESS,
ghg,GHG emissions,Environment,DASH,MDG,SUCCESS,
ghg,GHG emissions,Environment,DASH,MDV,SUCCESS,
ghg,GHG emissions,Environment,DASH,MEX,SUCCESS,
ghg,GHG emissions,Environment,DASH,MHL,SUCCESS,
ghg,GHG emissions,Environment,DASH,MKD,SUCCESS,
ghg,GHG emissions,Environment,DASH,MLI,SUCCESS,
ghg,GHG emissions,Environment,DASH,MLT,SUCCESS,
ghg,GHG emissions,Environment,DASH,MMR,SUCCESS,
ghg,GHG emissions,Environment,DASH,MNE,SUCCESS,
ghg,GHG emissions,Environment,DASH,MNG,SUCCESS,
ghg,GHG emissions,Environment,DASH,MOZ,SUCCESS,
ghg,GHG emissions,Environment,DASH,MRT,SUCCESS,
ghg,GHG emissions,Environment,DASH,MUS,SUCCESS,
ghg,GHG emissions,Environment,DASH,MWI,SUCCESS,
ghg,GHG emissions,Environment,DASH,MYS,SUCCESS,
ghg,GHG emissions,Environment,DASH,NAM,SUCCESS,
ghg,GHG emissions,Environment,DASH,NER,SUCCESS,
ghg,GHG emissions,Environment,DASH,NGA,SUCCESS,
ghg,GHG emissions,Environment,DASH,NIC,SUCCESS,
ghg,GHG emissions,Environment,DASH,NLD,SUCCESS,
ghg,GHG emissions,Environment,DASH,NOR,SUCCESS,
ghg,GHG emissions,Environment,DASH,NPL,SUCCESS,
ghg,GHG emissions,Environment,DASH,NZL,SUCCESS,
ghg,GHG emissions,Environment,DASH,OMN,SUCCESS,
ghg,GHG emissions,Environment,DASH,PAK,SUCCESS,
ghg,GHG emissions,Environment,DASH,PAN,SUCCESS,
ghg,GHG emissions,Environment,DASH,PER,SUCCESS,
ghg,GHG emissions,Environment,DASH,PHL,SUCCESS,
ghg,GHG emissions,Environment,DASH,PNG,SUCCESS,
ghg,GHG emissions,Environment,DASH,POL,SUCCESS,
ghg,GHG emissions,Environment,DASH,PRT,SUCCESS,
ghg,GHG emissions,Environment,DASH,PRY,SUCCESS,
ghg,GHG emissions,Environment,DASH,PSE,SUCCESS,
ghg,GHG emissions,Environment,DASH,QAT,SUCCESS,
ghg,GHG emissions,Environment,DASH,ROU,SUCCESS,
ghg,GHG emissions,Environment,DASH,RUS,SUCCESS,
ghg,GHG emissions,Environment,DASH,RWA,SUCCESS,
ghg,GHG emissions,Environment,DASH,SAU,SUCCESS,
ghg,GHG emissions,Environment,DASH,SDN,SUCCESS,
ghg,GHG emissions,Environment,DASH,SEN,SUCCESS,
ghg,GHG emissions,Environment,DASH,SGP,SUCCESS,
ghg,GHG emissions,Environment,DASH,SLB,SUCCESS,
ghg,GHG emissions,Environment,DASH,SLE,SUCCESS,
ghg,GHG emissions,Environment,DASH,SLV,SUCCESS,
ghg,GHG emissions,Environment,DASH,SRB,SUCCESS,
ghg,GHG emissions,Environment,DASH,SSD,SUCCESS,
ghg,GHG emissions,Environment,DASH,STP,SUCCESS,
ghg,GHG emissions,Environment,DASH,SUR,SUCCESS,
ghg,GHG emissions,Environment,DASH,SVK,SUCCESS,
ghg,GHG emissions,Environment,DASH,SVN,SUCCESS,
ghg,GHG emissions,Environment,DASH,SWE,SUCCESS,
ghg,GHG emissions,Environment,DASH,SWZ,SUCCESS,
ghg,GHG emissions,Environment,DASH,SYC,SUCCESS,
ghg,GHG emissions,Environment,DASH,SYR,SUCCESS,
ghg,GHG emissions,Environment,DASH,TCD,SUCCESS,
ghg,GHG emissions,Environment,DASH,TGO,SUCCESS,
ghg,GHG emissions,Environment,DASH,THA,SUCCESS,
ghg,GHG emissions,Environment,DASH,TJK,SUCCESS,
ghg,GHG emissions,Environment,DASH,TKM,SUCCESS,
ghg,GHG emissions,Environment,DASH,TLS,SUCCESS,
ghg,GHG emissions,Environment,DASH,TON,SUCCESS,
ghg,GHG emissions,Environment,DASH,TTO,SUCCESS,
ghg,GHG emissions,Environment,DASH,TUN,SUCCESS,
ghg,GHG emissions,Environment,DASH,TUR,SUCCESS,
ghg,GHG emissions,Environment,DASH,TWN,SUCCESS,
ghg,GHG emissions,Environment,DASH,TZA,SUCCESS,
ghg,GHG emissions,Environment,DASH,UGA,SUCCESS,
ghg,GHG emissions,Environment,DASH,UKR,SUCCESS,
ghg,GHG emissions,Environment,DASH,URY,SUCCESS,
ghg,GHG emissions,Environment,DASH,USA,SUCCESS,
ghg,GHG emissions,Environment,DASH,UZB,SUCCESS,
ghg,GHG emissions,Environment,DASH,VCT,SUCCESS,
ghg,GHG emissions,Environment,DASH,VEN,SUCCESS,
ghg,GHG emissions,Environment,DASH,VNM,SUCCESS,
ghg,GHG emissions,Environment,DASH,VUT,SUCCESS,
ghg,GHG emissions,Environment,DASH,WSM,SUCCESS,
ghg,GHG emissions,Environment,DASH,YEM,SUCCESS,
ghg,GHG emissions,Environment,DASH,ZAF,SUCCESS,
ghg,GHG emissions,Environment,DASH,ZMB,SUCCESS,
ghg,GHG emissions,Environment,DASH,ZWE,SUCCESS,
ghg,GHG emissions,Environment,AHEI,AFG,SUCCESS,
ghg,GHG emissions,Environment,AHEI,AGO,SUCCESS,
ghg,GHG emissions,Environment,AHEI,ALB,SUCCESS,
ghg,GHG emissions,Environment,AHEI,ARE,SUCCESS,
ghg,GHG emissions,Environment,AHEI,ARG,SUCCESS,
ghg,GHG emissions,Environment,AHEI,ARM,SUCCESS,
ghg,GHG emissions,Environment,AHEI,ATG,SUCCESS,
ghg,GHG emissions,Environment,AHEI,AUS,SUCCESS,
ghg,GHG emissions,Environment,AHEI,AUT,SUCCESS,
ghg,GHG emissions,Environment,AHEI,AZE,SUCCESS,
ghg,GHG emissions,Environment,AHEI,BDI,SUCCESS,
ghg,GHG emissions,Environment,AHEI,BEL,SUCCESS,
ghg,GHG emissions,Environment,AHEI,BEN,SUCCESS,
ghg,GHG emissions,Environment,AHEI,BFA,SUCCESS,
ghg,GHG emissions,Environment,AHEI,BGD,SUCCESS,
ghg,GHG emissions,Environment,AHEI,BGR,SUCCESS,
ghg,GHG emissions,Environment,AHEI,BHR,SUCCESS,
ghg,GHG emissions,Environment,AHEI,BHS,SUCCESS,
ghg,GHG emissions,Environment,AHEI,BIH,SUCCESS,
ghg,GHG emissions,Environment,AHEI,BLR,SUCCESS,
ghg,GHG emissions,Environment,AHEI,BLZ,SUCCESS,
ghg,GHG emissions,Environment,AHEI,BOL,SUCCESS,
ghg,GHG emissions,Environment,AHEI,BRA,SUCCESS,
ghg,GHG emissions,Environment,AHEI,BRB,SUCCESS,
ghg,GHG emissions,Environment,AHEI,BRN,SUCCESS,
ghg,GHG emissions,Environment,AHEI,BTN,SUCCESS,
ghg,GHG emissions,Environment,AHEI,BWA,SUCCESS,
ghg,GHG emissions,Environment,AHEI,CAF,SUCCESS,
ghg,GHG emissions,Environment,AHEI,CAN,SUCCESS,
ghg,GHG emissions,Environment,AHEI,CHE,SUCCESS,
ghg,GHG emissions,Environment,AHEI,CHL,SUCCESS,
ghg,GHG emissions,Environment,AHEI,CHN,SUCCESS,
ghg,GHG emissions,Environment,AHEI,CIV,SUCCESS,
ghg,GHG emissions,Environment,AHEI,CMR,SUCCESS,
ghg,GHG emissions,Environment,AHEI,COD,SUCCESS,
ghg,GHG emissions,Environment,AHEI,COG,SUCCESS,
ghg,GHG emissions,Environment,AHEI,COL,SUCCESS,
ghg,GHG emissions,Environment,AHEI,COM,SUCCESS,
ghg,GHG emissions,Environment,AHEI,CPV,SUCCESS,
ghg,GHG emissions,Environment,AHEI,CRI,SUCCESS,
ghg,GHG emissions,Environment,AHEI,CUB,SUCCESS,
ghg,GHG emissions,Environment,AHEI,CYP,SUCCESS,
ghg,GHG emissions,Environment,AHEI,CZE,SUCCESS,
ghg,GHG emissions,Environment,AHEI,DEU,SUCCESS,
ghg,GHG emissions,Environment,AHEI,DJI,SUCCESS,
ghg,GHG emissions,Environment,AHEI,DMA,SUCCESS,
ghg,GHG emissions,Environment,AHEI,DNK,SUCCESS,
ghg,GHG emissions,Environment,AHEI,DOM,SUCCESS,
ghg,GHG emissions,Environment,AHEI,DZA,SUCCESS,
ghg,GHG emissions,Environment,AHEI,ECU,SUCCESS,
ghg,GHG emissions,Environment,AHEI,EGY,SUCCESS,
ghg,GHG emissions,Environment,AHEI,ERI,SUCCESS,
ghg,GHG emissions,Environment,AHEI,ESP,SUCCESS,
ghg,GHG emissions,Environment,AHEI,EST,SUCCESS,
ghg,GHG emissions,Environment,AHEI,ETH,SUCCESS,
ghg,GHG emissions,Environment,AHEI,FIN,SUCCESS,
ghg,GHG emissions,Environment,AHEI,FJI,SUCCESS,
ghg,GHG emissions,Environment,AHEI,FRA,SUCCESS,
ghg,GHG emissions,Environment,AHEI,FSM,SUCCESS,
ghg,GHG emissions,Environment,AHEI,GAB,SUCCESS,
ghg,GHG emissions,Environment,AHEI,GBR,SUCCESS,
ghg,GHG emissions,Environment,AHEI,GEO,SUCCESS,
ghg,GHG emissions,Environment,AHEI,GHA,SUCCESS,
ghg,GHG emissions,Environment,AHEI,GIN,SUCCESS,
ghg,GHG emissions,Environment,AHEI,GMB,SUCCESS,
ghg,GHG emissions,Environment,AHEI,GNB,SUCCESS,
ghg,GHG emissions,Environment,AHEI,GNQ,SUCCESS,
ghg,GHG emissions,Environment,AHEI,GRC,SUCCESS,
ghg,GHG emissions,Environment,AHEI,GRD,SUCCESS,
ghg,GHG emissions,Environment,AHEI,GTM,SUCCESS,
ghg,GHG emissions,Environment,AHEI,GUY,SUCCESS,
ghg,GHG emissions,Environment,AHEI,HND,SUCCESS,
ghg,GHG emissions,Environment,AHEI,HRV,SUCCESS,
ghg,GHG emissions,Environment,AHEI,HTI,SUCCESS,
ghg,GHG emissions,Environment,AHEI,HUN,SUCCESS,
ghg,GHG emissions,Environment,AHEI,IDN,SUCCESS,
ghg,GHG emissions,Environment,AHEI,IND,SUCCESS,
ghg,GHG emissions,Environment,AHEI,IRL,SUCCESS,
ghg,GHG emissions,Environment,AHEI,IRN,SUCCESS,
ghg,GHG emissions,Environment,AHEI,IRQ,SUCCESS,
ghg,GHG emissions,Environment,AHEI,ISL,SUCCESS,
ghg,GHG emissions,Environment,AHEI,ISR,SUCCESS,
ghg,GHG emissions,Environment,AHEI,ITA,SUCCESS,
ghg,GHG emissions,Environment,AHEI,JAM,SUCCESS,
ghg,GHG emissions,Environment,AHEI,JOR,SUCCESS,
ghg,GHG emissions,Environment,AHEI,JPN,SUCCESS,
ghg,GHG emissions,Environment,AHEI,KAZ,SUCCESS,
ghg,GHG emissions,Environment,AHEI,KEN,SUCCESS,
ghg,GHG emissions,Environment,AHEI,KGZ,SUCCESS,
ghg,GHG emissions,Environment,AHEI,KHM,SUCCESS,
ghg,GHG emissions,Environment,AHEI,KIR,SUCCESS,
ghg,GHG emissions,Environment,AHEI,KOR,SUCCESS,
ghg,GHG emissions,Environment,AHEI,KWT,SUCCESS,
ghg,GHG emissions,Environment,AHEI,LAO,SUCCESS,
ghg,GHG emissions,Environment,AHEI,LBN,SUCCESS,
ghg,GHG emissions,Environment,AHEI,LBR,SUCCESS,
ghg,GHG emissions,Environment,AHEI,LBY,SUCCESS,
ghg,GHG emissions,Environment,AHEI,LCA,SUCCESS,
ghg,GHG emissions,Environment,AHEI,LKA,SUCCESS,
ghg,GHG emissions,Environment,AHEI,LSO,SUCCESS,
ghg,GHG emissions,Environment,AHEI,LTU,SUCCESS,
ghg,GHG emissions,Environment,AHEI,LUX,SUCCESS,
ghg,GHG emissions,Environment,AHEI,LVA,SUCCESS,
ghg,GHG emissions,Environment,AHEI,MAR,SUCCESS,
ghg,GHG emissions,Environment,AHEI,MDA,SUCCESS,
ghg,GHG emissions,Environment,AHEI,MDG,SUCCESS,
ghg,GHG emissions,Environment,AHEI,MDV,SUCCESS,
ghg,GHG emissions,Environment,AHEI,MEX,SUCCESS,
ghg,GHG emissions,Environment,AHEI,MHL,SUCCESS,
ghg,GHG emissions,Environment,AHEI,MKD,SUCCESS,
ghg,GHG emissions,Environment,AHEI,MLI,SUCCESS,
ghg,GHG emissions,Environment,AHEI,MLT,SUCCESS,
ghg,GHG emissions,Environment,AHEI,MMR,SUCCESS,
ghg,GHG emissions,Environment,AHEI,MNE,SUCCESS,
ghg,GHG emissions,Environment,AHEI,MNG,SUCCESS,
ghg,GHG emissions,Environment,AHEI,MOZ,SUCCESS,
ghg,GHG emissions,Environment,AHEI,MRT,SUCCESS,
ghg,GHG emissions,Environment,AHEI,MUS,SUCCESS,
ghg,GHG emissions,Environment,AHEI,MWI,SUCCESS,
ghg,GHG emissions,Environment,AHEI,MYS,SUCCESS,
ghg,GHG emissions,Environment,AHEI,NAM,SUCCESS,
ghg,GHG emissions,Environment,AHEI,NER,SUCCESS,
ghg,GHG emissions,Environment,AHEI,NGA,SUCCESS,
ghg,GHG emissions,Environment,AHEI,NIC,SUCCESS,
ghg,GHG emissions,Environment,AHEI,NLD,SUCCESS,
ghg,GHG emissions,Environment,AHEI,NOR,SUCCESS,
ghg,GHG emissions,Environment,AHEI,NPL,SUCCESS,
ghg,GHG emissions,Environment,AHEI,NZL,SUCCESS,
ghg,GHG emissions,Environment,AHEI,OMN,SUCCESS,
ghg,GHG emissions,Environment,AHEI,PAK,SUCCESS,
ghg,GHG emissions,Environment,AHEI,PAN,SUCCESS,
ghg,GHG emissions,Environment,AHEI,PER,SUCCESS,
ghg,GHG emissions,Environment,AHEI,PHL,SUCCESS,
ghg,GHG emissions,Environment,AHEI,PNG,SUCCESS,
ghg,GHG emissions,Environment,AHEI,POL,SUCCESS,
ghg,GHG emissions,Environment,AHEI,PRT,SUCCESS,
ghg,GHG emissions,Environment,AHEI,PRY,SUCCESS,
ghg,GHG emissions,Environment,AHEI,PSE,SUCCESS,
ghg,GHG emissions,Environment,AHEI,QAT,SUCCESS,
ghg,GHG emissions,Environment,AHEI,ROU,SUCCESS,
ghg,GHG emissions,Environment,AHEI,RUS,SUCCESS,
ghg,GHG emissions,Environment,AHEI,RWA,SUCCESS,
ghg,GHG emissions,Environment,AHEI,SAU,SUCCESS,
ghg,GHG emissions,Environment,AHEI,SDN,SUCCESS,
ghg,GHG emissions,Environment,AHEI,SEN,SUCCESS,
ghg,GHG emissions,Environment,AHEI,SGP,SUCCESS,
ghg,GHG emissions,Environment,AHEI,SLB,SUCCESS,
ghg,GHG emissions,Environment,AHEI,SLE,SUCCESS,
ghg,GHG emissions,Environment,AHEI,SLV,SUCCESS,
ghg,GHG emissions,Environment,AHEI,SRB,SUCCESS,
ghg,GHG emissions,Environment,AHEI,SSD,SUCCESS,
ghg,GHG emissions,Environment,AHEI,STP,SUCCESS,
ghg,GHG emissions,Environment,AHEI,SUR,SUCCESS,
ghg,GHG emissions,Environment,AHEI,SVK,SUCCESS,
ghg,GHG emissions,Environment,AHEI,SVN,SUCCESS,
ghg,GHG emissions,Environment,AHEI,SWE,SUCCESS,
ghg,GHG emissions,Environment,AHEI,SWZ,SUCCESS,
ghg,GHG emissions,Environment,AHEI,SYC,SUCCESS,
ghg,GHG emissions,Environment,AHEI,SYR,SUCCESS,
ghg,GHG emissions,Environment,AHEI,TCD,SUCCESS,
ghg,GHG emissions,Environment,AHEI,TGO,SUCCESS,
ghg,GHG emissions,Environment,AHEI,THA,SUCCESS,
ghg,GHG emissions,Environment,AHEI,TJK,SUCCESS,
ghg,GHG emissions,Environment,AHEI,TKM,SUCCESS,
ghg,GHG emissions,Environment,AHEI,TLS,SUCCESS,
ghg,GHG emissions,Environment,AHEI,TON,SUCCESS,
ghg,GHG emissions,Environment,AHEI,TTO,SUCCESS,
ghg,GHG emissions,Environment,AHEI,TUN,SUCCESS,
ghg,GHG emissions,Environment,AHEI,TUR,SUCCESS,
ghg,GHG emissions,Environment,AHEI,TWN,SUCCESS,
ghg,GHG emissions,Environment,AHEI,TZA,SUCCESS,
ghg,GHG emissions,Environment,AHEI,UGA,SUCCESS,
ghg,GHG emissions,Environment,AHEI,UKR,SUCCESS,
ghg,GHG emissions,Environment,AHEI,URY,SUCCESS,
ghg,GHG emissions,Environment,AHEI,USA,SUCCESS,
ghg,GHG emissions,Environment,AHEI,UZB,SUCCESS,
ghg,GHG emissions,Environment,AHEI,VCT,SUCCESS,
ghg,GHG emissions,Environment,AHEI,VEN,SUCCESS,
ghg,GHG emissions,Environment,AHEI,VNM,SUCCESS,
ghg,GHG emissions,Environment,AHEI,VUT,SUCCESS,
ghg,GHG emissions,Environment,AHEI,WSM,SUCCESS,
ghg,GHG emissions,Environment,AHEI,YEM,SUCCESS,
ghg,GHG emissions,Environment,AHEI,ZAF,SUCCESS,
ghg,GHG emissions,Environment,AHEI,ZMB,SUCCESS,
ghg,GHG emissions,Environment,AHEI,ZWE,SUCCESS,
land,Land use,Environment,mPHDI,AFG,SUCCESS,
land,Land use,Environment,mPHDI,AGO,SUCCESS,
land,Land use,Environment,mPHDI,ALB,SUCCESS,
land,Land use,Environment,mPHDI,ARE,SUCCESS,
land,Land use,Environment,mPHDI,ARG,SUCCESS,
land,Land use,Environment,mPHDI,ARM,SUCCESS,
land,Land use,Environment,mPHDI,ATG,SUCCESS,
land,Land use,Environment,mPHDI,AUS,SUCCESS,
land,Land use,Environment,mPHDI,AUT,SUCCESS,
land,Land use,Environment,mPHDI,AZE,SUCCESS,
land,Land use,Environment,mPHDI,BDI,SUCCESS,
land,Land use,Environment,mPHDI,BEL,SUCCESS,
land,Land use,Environment,mPHDI,BEN,SUCCESS,
land,Land use,Environment,mPHDI,BFA,SUCCESS,
land,Land use,Environment,mPHDI,BGD,SUCCESS,
land,Land use,Environment,mPHDI,BGR,SUCCESS,
land,Land use,Environment,mPHDI,BHR,SUCCESS,
land,Land use,Environment,mPHDI,BHS,SUCCESS,
land,Land use,Environment,mPHDI,BIH,SUCCESS,
land,Land use,Environment,mPHDI,BLR,SUCCESS,
land,Land use,Environment,mPHDI,BLZ,SUCCESS,
land,Land use,Environment,mPHDI,BOL,SUCCESS,
land,Land use,Environment,mPHDI,BRA,SUCCESS,
land,Land use,Environment,mPHDI,BRB,SUCCESS,
land,Land use,Environment,mPHDI,BRN,SUCCESS,
land,Land use,Environment,mPHDI,BTN,SUCCESS,
land,Land use,Environment,mPHDI,BWA,SUCCESS,
land,Land use,Environment,mPHDI,CAF,SUCCESS,
land,Land use,Environment,mPHDI,CAN,SUCCESS,
land,Land use,Environment,mPHDI,CHE,SUCCESS,
land,Land use,Environment,mPHDI,CHL,SUCCESS,
land,Land use,Environment,mPHDI,CHN,SUCCESS,
land,Land use,Environment,mPHDI,CIV,SUCCESS,
land,Land use,Environment,mPHDI,CMR,SUCCESS,
land,Land use,Environment,mPHDI,COD,SUCCESS,
land,Land use,Environment,mPHDI,COG,SUCCESS,
land,Land use,Environment,mPHDI,COL,SUCCESS,
land,Land use,Environment,mPHDI,COM,SUCCESS,
land,Land use,Environment,mPHDI,CPV,SUCCESS,
land,Land use,Environment,mPHDI,CRI,SUCCESS,
land,Land use,Environment,mPHDI,CUB,SUCCESS,
land,Land use,Environment,mPHDI,CYP,SUCCESS,
land,Land use,Environment,mPHDI,CZE,SUCCESS,
land,Land use,Environment,mPHDI,DEU,SUCCESS,
land,Land use,Environment,mPHDI,DJI,SUCCESS,
land,Land use,Environment,mPHDI,DMA,SUCCESS,
land,Land use,Environment,mPHDI,DNK,SUCCESS,
land,Land use,Environment,mPHDI,DOM,SUCCESS,
land,Land use,Environment,mPHDI,DZA,SUCCESS,
land,Land use,Environment,mPHDI,ECU,SUCCESS,
land,Land use,Environment,mPHDI,EGY,SUCCESS,
land,Land use,Environment,mPHDI,ERI,SUCCESS,
land,Land use,Environment,mPHDI,ESP,SUCCESS,
land,Land use,Environment,mPHDI,EST,SUCCESS,
land,Land use,Environment,mPHDI,ETH,SUCCESS,
land,Land use,Environment,mPHDI,FIN,SUCCESS,
land,Land use,Environment,mPHDI,FJI,SUCCESS,
land,Land use,Environment,mPHDI,FRA,SUCCESS,
land,Land use,Environment,mPHDI,FSM,SUCCESS,
land,Land use,Environment,mPHDI,GAB,SUCCESS,
land,Land use,Environment,mPHDI,GBR,SUCCESS,
land,Land use,Environment,mPHDI,GEO,SUCCESS,
land,Land use,Environment,mPHDI,GHA,SUCCESS,
land,Land use,Environment,mPHDI,GIN,SUCCESS,
land,Land use,Environment,mPHDI,GMB,SUCCESS,
land,Land use,Environment,mPHDI,GNB,SUCCESS,
land,Land use,Environment,mPHDI,GNQ,SUCCESS,
land,Land use,Environment,mPHDI,GRC,SUCCESS,
land,Land use,Environment,mPHDI,GRD,SUCCESS,
land,Land use,Environment,mPHDI,GTM,SUCCESS,
land,Land use,Environment,mPHDI,GUY,SUCCESS,
land,Land use,Environment,mPHDI,HND,SUCCESS,
land,Land use,Environment,mPHDI,HRV,SUCCESS,
land,Land use,Environment,mPHDI,HTI,SUCCESS,
land,Land use,Environment,mPHDI,HUN,SUCCESS,
land,Land use,Environment,mPHDI,IDN,SUCCESS,
land,Land use,Environment,mPHDI,IND,SUCCESS,
land,Land use,Environment,mPHDI,IRL,SUCCESS,
land,Land use,Environment,mPHDI,IRN,SUCCESS,
land,Land use,Environment,mPHDI,IRQ,SUCCESS,
land,Land use,Environment,mPHDI,ISL,SUCCESS,
land,Land use,Environment,mPHDI,ISR,SUCCESS,
land,Land use,Environment,mPHDI,ITA,SUCCESS,
land,Land use,Environment,mPHDI,JAM,SUCCESS,
land,Land use,Environment,mPHDI,JOR,SUCCESS,
land,Land use,Environment,mPHDI,JPN,SUCCESS,
land,Land use,Environment,mPHDI,KAZ,SUCCESS,
land,Land use,Environment,mPHDI,KEN,SUCCESS,
land,Land use,Environment,mPHDI,KGZ,SUCCESS,
land,Land use,Environment,mPHDI,KHM,SUCCESS,
land,Land use,Environment,mPHDI,KIR,SUCCESS,
land,Land use,Environment,mPHDI,KOR,SUCCESS,
land,Land use,Environment,mPHDI,KWT,SUCCESS,
land,Land use,Environment,mPHDI,LAO,SUCCESS,
land,Land use,Environment,mPHDI,LBN,SUCCESS,
land,Land use,Environment,mPHDI,LBR,SUCCESS,
land,Land use,Environment,mPHDI,LBY,SUCCESS,
land,Land use,Environment,mPHDI,LCA,SUCCESS,
land,Land use,Environment,mPHDI,LKA,SUCCESS,
land,Land use,Environment,mPHDI,LSO,SUCCESS,
land,Land use,Environment,mPHDI,LTU,SUCCESS,
land,Land use,Environment,mPHDI,LUX,SUCCESS,
land,Land use,Environment,mPHDI,LVA,SUCCESS,
land,Land use,Environment,mPHDI,MAR,SUCCESS,
land,Land use,Environment,mPHDI,MDA,SUCCESS,
land,Land use,Environment,mPHDI,MDG,SUCCESS,
land,Land use,Environment,mPHDI,MDV,SUCCESS,
land,Land use,Environment,mPHDI,MEX,SUCCESS,
land,Land use,Environment,mPHDI,MHL,SUCCESS,
land,Land use,Environment,mPHDI,MKD,SUCCESS,
land,Land use,Environment,mPHDI,MLI,SUCCESS,
land,Land use,Environment,mPHDI,MLT,SUCCESS,
land,Land use,Environment,mPHDI,MMR,SUCCESS,
land,Land use,Environment,mPHDI,MNE,SUCCESS,
land,Land use,Environment,mPHDI,MNG,SUCCESS,
land,Land use,Environment,mPHDI,MOZ,SUCCESS,
land,Land use,Environment,mPHDI,MRT,SUCCESS,
land,Land use,Environment,mPHDI,MUS,SUCCESS,
land,Land use,Environment,mPHDI,MWI,SUCCESS,
land,Land use,Environment,mPHDI,MYS,SUCCESS,
land,Land use,Environment,mPHDI,NAM,SUCCESS,
land,Land use,Environment,mPHDI,NER,SUCCESS,
land,Land use,Environment,mPHDI,NGA,SUCCESS,
land,Land use,Environment,mPHDI,NIC,SUCCESS,
land,Land use,Environment,mPHDI,NLD,SUCCESS,
land,Land use,Environment,mPHDI,NOR,SUCCESS,
land,Land use,Environment,mPHDI,NPL,SUCCESS,
land,Land use,Environment,mPHDI,NZL,SUCCESS,
land,Land use,Environment,mPHDI,OMN,SUCCESS,
land,Land use,Environment,mPHDI,PAK,SUCCESS,
land,Land use,Environment,mPHDI,PAN,SUCCESS,
land,Land use,Environment,mPHDI,PER,SUCCESS,
land,Land use,Environment,mPHDI,PHL,SUCCESS,
land,Land use,Environment,mPHDI,PNG,SUCCESS,
land,Land use,Environment,mPHDI,POL,SUCCESS,
land,Land use,Environment,mPHDI,PRT,SUCCESS,
land,Land use,Environment,mPHDI,PRY,SUCCESS,
land,Land use,Environment,mPHDI,PSE,SUCCESS,
land,Land use,Environment,mPHDI,QAT,SUCCESS,
land,Land use,Environment,mPHDI,ROU,SUCCESS,
land,Land use,Environment,mPHDI,RUS,SUCCESS,
land,Land use,Environment,mPHDI,RWA,SUCCESS,
land,Land use,Environment,mPHDI,SAU,SUCCESS,
land,Land use,Environment,mPHDI,SDN,SUCCESS,
land,Land use,Environment,mPHDI,SEN,SUCCESS,
land,Land use,Environment,mPHDI,SGP,SUCCESS,
land,Land use,Environment,mPHDI,SLB,SUCCESS,
land,Land use,Environment,mPHDI,SLE,SUCCESS,
land,Land use,Environment,mPHDI,SLV,SUCCESS,
land,Land use,Environment,mPHDI,SRB,SUCCESS,
land,Land use,Environment,mPHDI,SSD,SUCCESS,
land,Land use,Environment,mPHDI,STP,SUCCESS,
land,Land use,Environment,mPHDI,SUR,SUCCESS,
land,Land use,Environment,mPHDI,SVK,SUCCESS,
land,Land use,Environment,mPHDI,SVN,SUCCESS,
land,Land use,Environment,mPHDI,SWE,SUCCESS,
land,Land use,Environment,mPHDI,SWZ,SUCCESS,
land,Land use,Environment,mPHDI,SYC,SUCCESS,
land,Land use,Environment,mPHDI,SYR,SUCCESS,
land,Land use,Environment,mPHDI,TCD,SUCCESS,
land,Land use,Environment,mPHDI,TGO,SUCCESS,
land,Land use,Environment,mPHDI,THA,SUCCESS,
land,Land use,Environment,mPHDI,TJK,SUCCESS,
land,Land use,Environment,mPHDI,TKM,SUCCESS,
land,Land use,Environment,mPHDI,TLS,SUCCESS,
land,Land use,Environment,mPHDI,TON,SUCCESS,
land,Land use,Environment,mPHDI,TTO,SUCCESS,
land,Land use,Environment,mPHDI,TUN,SUCCESS,
land,Land use,Environment,mPHDI,TUR,SUCCESS,
land,Land use,Environment,mPHDI,TWN,SUCCESS,
land,Land use,Environment,mPHDI,TZA,SUCCESS,
land,Land use,Environment,mPHDI,UGA,SUCCESS,
land,Land use,Environment,mPHDI,UKR,SUCCESS,
land,Land use,Environment,mPHDI,URY,SUCCESS,
land,Land use,Environment,mPHDI,USA,SUCCESS,
land,Land use,Environment,mPHDI,UZB,SUCCESS,
land,Land use,Environment,mPHDI,VCT,SUCCESS,
land,Land use,Environment,mPHDI,VEN,SUCCESS,
land,Land use,Environment,mPHDI,VNM,SUCCESS,
land,Land use,Environment,mPHDI,VUT,SUCCESS,
land,Land use,Environment,mPHDI,WSM,SUCCESS,
land,Land use,Environment,mPHDI,YEM,SUCCESS,
land,Land use,Environment,mPHDI,ZAF,SUCCESS,
land,Land use,Environment,mPHDI,ZMB,SUCCESS,
land,Land use,Environment,mPHDI,ZWE,SUCCESS,
land,Land use,Environment,MED,AFG,SUCCESS,
land,Land use,Environment,MED,AGO,SUCCESS,
land,Land use,Environment,MED,ALB,SUCCESS,
land,Land use,Environment,MED,ARE,SUCCESS,
land,Land use,Environment,MED,ARG,SUCCESS,
land,Land use,Environment,MED,ARM,SUCCESS,
land,Land use,Environment,MED,ATG,SUCCESS,
land,Land use,Environment,MED,AUS,SUCCESS,
land,Land use,Environment,MED,AUT,SUCCESS,
land,Land use,Environment,MED,AZE,SUCCESS,
land,Land use,Environment,MED,BDI,SUCCESS,
land,Land use,Environment,MED,BEL,SUCCESS,
land,Land use,Environment,MED,BEN,SUCCESS,
land,Land use,Environment,MED,BFA,SUCCESS,
land,Land use,Environment,MED,BGD,SUCCESS,
land,Land use,Environment,MED,BGR,SUCCESS,
land,Land use,Environment,MED,BHR,SUCCESS,
land,Land use,Environment,MED,BHS,SUCCESS,
land,Land use,Environment,MED,BIH,SUCCESS,
land,Land use,Environment,MED,BLR,SUCCESS,
land,Land use,Environment,MED,BLZ,SUCCESS,
land,Land use,Environment,MED,BOL,SUCCESS,
land,Land use,Environment,MED,BRA,SUCCESS,
land,Land use,Environment,MED,BRB,SUCCESS,
land,Land use,Environment,MED,BRN,SUCCESS,
land,Land use,Environment,MED,BTN,SUCCESS,
land,Land use,Environment,MED,BWA,SUCCESS,
land,Land use,Environment,MED,CAF,SUCCESS,
land,Land use,Environment,MED,CAN,SUCCESS,
land,Land use,Environment,MED,CHE,SUCCESS,
land,Land use,Environment,MED,CHL,SUCCESS,
land,Land use,Environment,MED,CHN,SUCCESS,
land,Land use,Environment,MED,CIV,SUCCESS,
land,Land use,Environment,MED,CMR,SUCCESS,
land,Land use,Environment,MED,COD,SUCCESS,
land,Land use,Environment,MED,COG,SUCCESS,
land,Land use,Environment,MED,COL,SUCCESS,
land,Land use,Environment,MED,COM,SUCCESS,
land,Land use,Environment,MED,CPV,SUCCESS,
land,Land use,Environment,MED,CRI,SUCCESS,
land,Land use,Environment,MED,CUB,SUCCESS,
land,Land use,Environment,MED,CYP,SUCCESS,
land,Land use,Environment,MED,CZE,SUCCESS,
land,Land use,Environment,MED,DEU,SUCCESS,
land,Land use,Environment,MED,DJI,SUCCESS,
land,Land use,Environment,MED,DMA,SUCCESS,
land,Land use,Environment,MED,DNK,SUCCESS,
land,Land use,Environment,MED,DOM,SUCCESS,
land,Land use,Environment,MED,DZA,SUCCESS,
land,Land use,Environment,MED,ECU,SUCCESS,
land,Land use,Environment,MED,EGY,SUCCESS,
land,Land use,Environment,MED,ERI,SUCCESS,
land,Land use,Environment,MED,ESP,SUCCESS,
land,Land use,Environment,MED,EST,SUCCESS,
land,Land use,Environment,MED,ETH,SUCCESS,
land,Land use,Environment,MED,FIN,SUCCESS,
land,Land use,Environment,MED,FJI,SUCCESS,
land,Land use,Environment,MED,FRA,SUCCESS,
land,Land use,Environment,MED,FSM,SUCCESS,
land,Land use,Environment,MED,GAB,SUCCESS,
land,Land use,Environment,MED,GBR,SUCCESS,
land,Land use,Environment,MED,GEO,SUCCESS,
land,Land use,Environment,MED,GHA,SUCCESS,
land,Land use,Environment,MED,GIN,SUCCESS,
land,Land use,Environment,MED,GMB,SUCCESS,
land,Land use,Environment,MED,GNB,SUCCESS,
land,Land use,Environment,MED,GNQ,SUCCESS,
land,Land use,Environment,MED,GRC,SUCCESS,
land,Land use,Environment,MED,GRD,SUCCESS,
land,Land use,Environment,MED,GTM,SUCCESS,
land,Land use,Environment,MED,GUY,SUCCESS,
land,Land use,Environment,MED,HND,SUCCESS,
land,Land use,Environment,MED,HRV,SUCCESS,
land,Land use,Environment,MED,HTI,SUCCESS,
land,Land use,Environment,MED,HUN,SUCCESS,
land,Land use,Environment,MED,IDN,SUCCESS,
land,Land use,Environment,MED,IND,SUCCESS,
land,Land use,Environment,MED,IRL,SUCCESS,
land,Land use,Environment,MED,IRN,SUCCESS,
land,Land use,Environment,MED,IRQ,SUCCESS,
land,Land use,Environment,MED,ISL,SUCCESS,
land,Land use,Environment,MED,ISR,SUCCESS,
land,Land use,Environment,MED,ITA,SUCCESS,
land,Land use,Environment,MED,JAM,SUCCESS,
land,Land use,Environment,MED,JOR,SUCCESS,
land,Land use,Environment,MED,JPN,SUCCESS,
land,Land use,Environment,MED,KAZ,SUCCESS,
land,Land use,Environment,MED,KEN,SUCCESS,
land,Land use,Environment,MED,KGZ,SUCCESS,
land,Land use,Environment,MED,KHM,SUCCESS,
land,Land use,Environment,MED,KIR,SUCCESS,
land,Land use,Environment,MED,KOR,SUCCESS,
land,Land use,Environment,MED,KWT,SUCCESS,
land,Land use,Environment,MED,LAO,SUCCESS,
land,Land use,Environment,MED,LBN,SUCCESS,
land,Land use,Environment,MED,LBR,SUCCESS,
land,Land use,Environment,MED,LBY,SUCCESS,
land,Land use,Environment,MED,LCA,SUCCESS,
land,Land use,Environment,MED,LKA,SUCCESS,
land,Land use,Environment,MED,LSO,SUCCESS,
land,Land use,Environment,MED,LTU,SUCCESS,
land,Land use,Environment,MED,LUX,SUCCESS,
land,Land use,Environment,MED,LVA,SUCCESS,
land,Land use,Environment,MED,MAR,SUCCESS,
land,Land use,Environment,MED,MDA,SUCCESS,
land,Land use,Environment,MED,MDG,SUCCESS,
land,Land use,Environment,MED,MDV,SUCCESS,
land,Land use,Environment,MED,MEX,SUCCESS,
land,Land use,Environment,MED,MHL,SUCCESS,
land,Land use,Environment,MED,MKD,SUCCESS,
land,Land use,Environment,MED,MLI,SUCCESS,
land,Land use,Environment,MED,MLT,SUCCESS,
land,Land use,Environment,MED,MMR,SUCCESS,
land,Land use,Environment,MED,MNE,SUCCESS,
land,Land use,Environment,MED,MNG,SUCCESS,
land,Land use,Environment,MED,MOZ,SUCCESS,
land,Land use,Environment,MED,MRT,SUCCESS,
land,Land use,Environment,MED,MUS,SUCCESS,
land,Land use,Environment,MED,MWI,SUCCESS,
land,Land use,Environment,MED,MYS,SUCCESS,
land,Land use,Environment,MED,NAM,SUCCESS,
land,Land use,Environment,MED,NER,SUCCESS,
land,Land use,Environment,MED,NGA,SUCCESS,
land,Land use,Environment,MED,NIC,SUCCESS,
land,Land use,Environment,MED,NLD,SUCCESS,
land,Land use,Environment,MED,NOR,SUCCESS,
land,Land use,Environment,MED,NPL,SUCCESS,
land,Land use,Environment,MED,NZL,SUCCESS,
land,Land use,Environment,MED,OMN,SUCCESS,
land,Land use,Environment,MED,PAK,SUCCESS,
land,Land use,Environment,MED,PAN,SUCCESS,
land,Land use,Environment,MED,PER,SUCCESS,
land,Land use,Environment,MED,PHL,SUCCESS,
land,Land use,Environment,MED,PNG,SUCCESS,
land,Land use,Environment,MED,POL,SUCCESS,
land,Land use,Environment,MED,PRT,SUCCESS,
land,Land use,Environment,MED,PRY,SUCCESS,
land,Land use,Environment,MED,PSE,SUCCESS,
land,Land use,Environment,MED,QAT,SUCCESS,
land,Land use,Environment,MED,ROU,SUCCESS,
land,Land use,Environment,MED,RUS,SUCCESS,
land,Land use,Environment,MED,RWA,SUCCESS,
land,Land use,Environment,MED,SAU,SUCCESS,
land,Land use,Environment,MED,SDN,SUCCESS,
land,Land use,Environment,MED,SEN,SUCCESS,
land,Land use,Environment,MED,SGP,SUCCESS,
land,Land use,Environment,MED,SLB,SUCCESS,
land,Land use,Environment,MED,SLE,SUCCESS,
land,Land use,Environment,MED,SLV,SUCCESS,
land,Land use,Environment,MED,SRB,SUCCESS,
land,Land use,Environment,MED,SSD,SUCCESS,
land,Land use,Environment,MED,STP,SUCCESS,
land,Land use,Environment,MED,SUR,SUCCESS,
land,Land use,Environment,MED,SVK,SUCCESS,
land,Land use,Environment,MED,SVN,SUCCESS,
land,Land use,Environment,MED,SWE,SUCCESS,
land,Land use,Environment,MED,SWZ,SUCCESS,
land,Land use,Environment,MED,SYC,SUCCESS,
land,Land use,Environment,MED,SYR,SUCCESS,
land,Land use,Environment,MED,TCD,SUCCESS,
land,Land use,Environment,MED,TGO,SUCCESS,
land,Land use,Environment,MED,THA,SUCCESS,
land,Land use,Environment,MED,TJK,SUCCESS,
land,Land use,Environment,MED,TKM,SUCCESS,
land,Land use,Environment,MED,TLS,SUCCESS,
land,Land use,Environment,MED,TON,SUCCESS,
land,Land use,Environment,MED,TTO,SUCCESS,
land,Land use,Environment,MED,TUN,SUCCESS,
land,Land use,Environment,MED,TUR,SUCCESS,
land,Land use,Environment,MED,TWN,SUCCESS,
land,Land use,Environment,MED,TZA,SUCCESS,
land,Land use,Environment,MED,UGA,SUCCESS,
land,Land use,Environment,MED,UKR,SUCCESS,
land,Land use,Environment,MED,URY,SUCCESS,
land,Land use,Environment,MED,USA,SUCCESS,
land,Land use,Environment,MED,UZB,SUCCESS,
land,Land use,Environment,MED,VCT,SUCCESS,
land,Land use,Environment,MED,VEN,SUCCESS,
land,Land use,Environment,MED,VNM,SUCCESS,
land,Land use,Environment,MED,VUT,SUCCESS,
land,Land use,Environment,MED,WSM,SUCCESS,
land,Land use,Environment,MED,YEM,SUCCESS,
land,Land use,Environment,MED,ZAF,SUCCESS,
land,Land use,Environment,MED,ZMB,SUCCESS,
land,Land use,Environment,MED,ZWE,SUCCESS,
land,Land use,Environment,DASH,AFG,SUCCESS,
land,Land use,Environment,DASH,AGO,SUCCESS,
land,Land use,Environment,DASH,ALB,SUCCESS,
land,Land use,Environment,DASH,ARE,SUCCESS,
land,Land use,Environment,DASH,ARG,SUCCESS,
land,Land use,Environment,DASH,ARM,SUCCESS,
land,Land use,Environment,DASH,ATG,SUCCESS,
land,Land use,Environment,DASH,AUS,SUCCESS,
land,Land use,Environment,DASH,AUT,SUCCESS,
land,Land use,Environment,DASH,AZE,SUCCESS,
land,Land use,Environment,DASH,BDI,SUCCESS,
land,Land use,Environment,DASH,BEL,SUCCESS,
land,Land use,Environment,DASH,BEN,SUCCESS,
land,Land use,Environment,DASH,BFA,SUCCESS,
land,Land use,Environment,DASH,BGD,SUCCESS,
land,Land use,Environment,DASH,BGR,SUCCESS,
land,Land use,Environment,DASH,BHR,SUCCESS,
land,Land use,Environment,DASH,BHS,SUCCESS,
land,Land use,Environment,DASH,BIH,SUCCESS,
land,Land use,Environment,DASH,BLR,SUCCESS,
land,Land use,Environment,DASH,BLZ,SUCCESS,
land,Land use,Environment,DASH,BOL,SUCCESS,
land,Land use,Environment,DASH,BRA,SUCCESS,
land,Land use,Environment,DASH,BRB,SUCCESS,
land,Land use,Environment,DASH,BRN,SUCCESS,
land,Land use,Environment,DASH,BTN,SUCCESS,
land,Land use,Environment,DASH,BWA,SUCCESS,
land,Land use,Environment,DASH,CAF,SUCCESS,
land,Land use,Environment,DASH,CAN,SUCCESS,
land,Land use,Environment,DASH,CHE,SUCCESS,
land,Land use,Environment,DASH,CHL,SUCCESS,
land,Land use,Environment,DASH,CHN,SUCCESS,
land,Land use,Environment,DASH,CIV,SUCCESS,
land,Land use,Environment,DASH,CMR,SUCCESS,
land,Land use,Environment,DASH,COD,SUCCESS,
land,Land use,Environment,DASH,COG,SUCCESS,
land,Land use,Environment,DASH,COL,SUCCESS,
land,Land use,Environment,DASH,COM,SUCCESS,
land,Land use,Environment,DASH,CPV,SUCCESS,
land,Land use,Environment,DASH,CRI,SUCCESS,
land,Land use,Environment,DASH,CUB,SUCCESS,
land,Land use,Environment,DASH,CYP,SUCCESS,
land,Land use,Environment,DASH,CZE,SUCCESS,
land,Land use,Environment,DASH,DEU,SUCCESS,
land,Land use,Environment,DASH,DJI,SUCCESS,
land,Land use,Environment,DASH,DMA,SUCCESS,
land,Land use,Environment,DASH,DNK,SUCCESS,
land,Land use,Environment,DASH,DOM,SUCCESS,
land,Land use,Environment,DASH,DZA,SUCCESS,
land,Land use,Environment,DASH,ECU,SUCCESS,
land,Land use,Environment,DASH,EGY,SUCCESS,
land,Land use,Environment,DASH,ERI,SUCCESS,
land,Land use,Environment,DASH,ESP,SUCCESS,
land,Land use,Environment,DASH,EST,SUCCESS,
land,Land use,Environment,DASH,ETH,SUCCESS,
land,Land use,Environment,DASH,FIN,SUCCESS,
land,Land use,Environment,DASH,FJI,SUCCESS,
land,Land use,Environment,DASH,FRA,SUCCESS,
land,Land use,Environment,DASH,FSM,SUCCESS,
land,Land use,Environment,DASH,GAB,SUCCESS,
land,Land use,Environment,DASH,GBR,SUCCESS,
land,Land use,Environment,DASH,GEO,SUCCESS,
land,Land use,Environment,DASH,GHA,SUCCESS,
land,Land use,Environment,DASH,GIN,SUCCESS,
land,Land use,Environment,DASH,GMB,SUCCESS,
land,Land use,Environment,DASH,GNB,SUCCESS,
land,Land use,Environment,DASH,GNQ,SUCCESS,
land,Land use,Environment,DASH,GRC,SUCCESS,
land,Land use,Environment,DASH,GRD,SUCCESS,
land,Land use,Environment,DASH,GTM,SUCCESS,
land,Land use,Environment,DASH,GUY,SUCCESS,
land,Land use,Environment,DASH,HND,SUCCESS,
land,Land use,Environment,DASH,HRV,SUCCESS,
land,Land use,Environment,DASH,HTI,SUCCESS,
land,Land use,Environment,DASH,HUN,SUCCESS,
land,Land use,Environment,DASH,IDN,SUCCESS,
land,Land use,Environment,DASH,IND,SUCCESS,
land,Land use,Environment,DASH,IRL,SUCCESS,
land,Land use,Environment,DASH,IRN,SUCCESS,
land,Land use,Environment,DASH,IRQ,SUCCESS,
land,Land use,Environment,DASH,ISL,SUCCESS,
land,Land use,Environment,DASH,ISR,SUCCESS,
land,Land use,Environment,DASH,ITA,SUCCESS,
land,Land use,Environment,DASH,JAM,SUCCESS,
land,Land use,Environment,DASH,JOR,SUCCESS,
land,Land use,Environment,DASH,JPN,SUCCESS,
land,Land use,Environment,DASH,KAZ,SUCCESS,
land,Land use,Environment,DASH,KEN,SUCCESS,
land,Land use,Environment,DASH,KGZ,SUCCESS,
land,Land use,Environment,DASH,KHM,SUCCESS,
land,Land use,Environment,DASH,KIR,SUCCESS,
land,Land use,Environment,DASH,KOR,SUCCESS,
land,Land use,Environment,DASH,KWT,SUCCESS,
land,Land use,Environment,DASH,LAO,SUCCESS,
land,Land use,Environment,DASH,LBN,SUCCESS,
land,Land use,Environment,DASH,LBR,SUCCESS,
land,Land use,Environment,DASH,LBY,SUCCESS,
land,Land use,Environment,DASH,LCA,SUCCESS,
land,Land use,Environment,DASH,LKA,SUCCESS,
land,Land use,Environment,DASH,LSO,SUCCESS,
land,Land use,Environment,DASH,LTU,SUCCESS,
land,Land use,Environment,DASH,LUX,SUCCESS,
land,Land use,Environment,DASH,LVA,SUCCESS,
land,Land use,Environment,DASH,MAR,SUCCESS,
land,Land use,Environment,DASH,MDA,SUCCESS,
land,Land use,Environment,DASH,MDG,SUCCESS,
land,Land use,Environment,DASH,MDV,SUCCESS,
land,Land use,Environment,DASH,MEX,SUCCESS,
land,Land use,Environment,DASH,MHL,SUCCESS,
land,Land use,Environment,DASH,MKD,SUCCESS,
land,Land use,Environment,DASH,MLI,SUCCESS,
land,Land use,Environment,DASH,MLT,SUCCESS,
land,Land use,Environment,DASH,MMR,SUCCESS,
land,Land use,Environment,DASH,MNE,SUCCESS,
land,Land use,Environment,DASH,MNG,SUCCESS,
land,Land use,Environment,DASH,MOZ,SUCCESS,
land,Land use,Environment,DASH,MRT,SUCCESS,
land,Land use,Environment,DASH,MUS,SUCCESS,
land,Land use,Environment,DASH,MWI,SUCCESS,
land,Land use,Environment,DASH,MYS,SUCCESS,
land,Land use,Environment,DASH,NAM,SUCCESS,
land,Land use,Environment,DASH,NER,SUCCESS,
land,Land use,Environment,DASH,NGA,SUCCESS,
land,Land use,Environment,DASH,NIC,SUCCESS,
land,Land use,Environment,DASH,NLD,SUCCESS,
land,Land use,Environment,DASH,NOR,SUCCESS,
land,Land use,Environment,DASH,NPL,SUCCESS,
land,Land use,Environment,DASH,NZL,SUCCESS,
land,Land use,Environment,DASH,OMN,SUCCESS,
land,Land use,Environment,DASH,PAK,SUCCESS,
land,Land use,Environment,DASH,PAN,SUCCESS,
land,Land use,Environment,DASH,PER,SUCCESS,
land,Land use,Environment,DASH,PHL,SUCCESS,
land,Land use,Environment,DASH,PNG,SUCCESS,
land,Land use,Environment,DASH,POL,SUCCESS,
land,Land use,Environment,DASH,PRT,SUCCESS,
land,Land use,Environment,DASH,PRY,SUCCESS,
land,Land use,Environment,DASH,PSE,SUCCESS,
land,Land use,Environment,DASH,QAT,SUCCESS,
land,Land use,Environment,DASH,ROU,SUCCESS,
land,Land use,Environment,DASH,RUS,SUCCESS,
land,Land use,Environment,DASH,RWA,SUCCESS,
land,Land use,Environment,DASH,SAU,SUCCESS,
land,Land use,Environment,DASH,SDN,SUCCESS,
land,Land use,Environment,DASH,SEN,SUCCESS,
land,Land use,Environment,DASH,SGP,SUCCESS,
land,Land use,Environment,DASH,SLB,SUCCESS,
land,Land use,Environment,DASH,SLE,SUCCESS,
land,Land use,Environment,DASH,SLV,SUCCESS,
land,Land use,Environment,DASH,SRB,SUCCESS,
land,Land use,Environment,DASH,SSD,SUCCESS,
land,Land use,Environment,DASH,STP,SUCCESS,
land,Land use,Environment,DASH,SUR,SUCCESS,
land,Land use,Environment,DASH,SVK,SUCCESS,
land,Land use,Environment,DASH,SVN,SUCCESS,
land,Land use,Environment,DASH,SWE,SUCCESS,
land,Land use,Environment,DASH,SWZ,SUCCESS,
land,Land use,Environment,DASH,SYC,SUCCESS,
land,Land use,Environment,DASH,SYR,SUCCESS,
land,Land use,Environment,DASH,TCD,SUCCESS,
land,Land use,Environment,DASH,TGO,SUCCESS,
land,Land use,Environment,DASH,THA,SUCCESS,
land,Land use,Environment,DASH,TJK,SUCCESS,
land,Land use,Environment,DASH,TKM,SUCCESS,
land,Land use,Environment,DASH,TLS,SUCCESS,
land,Land use,Environment,DASH,TON,SUCCESS,
land,Land use,Environment,DASH,TTO,SUCCESS,
land,Land use,Environment,DASH,TUN,SUCCESS,
land,Land use,Environment,DASH,TUR,SUCCESS,
land,Land use,Environment,DASH,TWN,SUCCESS,
land,Land use,Environment,DASH,TZA,SUCCESS,
land,Land use,Environment,DASH,UGA,SUCCESS,
land,Land use,Environment,DASH,UKR,SUCCESS,
land,Land use,Environment,DASH,URY,SUCCESS,
land,Land use,Environment,DASH,USA,SUCCESS,
land,Land use,Environment,DASH,UZB,SUCCESS,
land,Land use,Environment,DASH,VCT,SUCCESS,
land,Land use,Environment,DASH,VEN,SUCCESS,
land,Land use,Environment,DASH,VNM,SUCCESS,
land,Land use,Environment,DASH,VUT,SUCCESS,
land,Land use,Environment,DASH,WSM,SUCCESS,
land,Land use,Environment,DASH,YEM,SUCCESS,
land,Land use,Environment,DASH,ZAF,SUCCESS,
land,Land use,Environment,DASH,ZMB,SUCCESS,
land,Land use,Environment,DASH,ZWE,SUCCESS,
land,Land use,Environment,AHEI,AFG,SUCCESS,
land,Land use,Environment,AHEI,AGO,SUCCESS,
land,Land use,Environment,AHEI,ALB,SUCCESS,
land,Land use,Environment,AHEI,ARE,SUCCESS,
land,Land use,Environment,AHEI,ARG,SUCCESS,
land,Land use,Environment,AHEI,ARM,SUCCESS,
land,Land use,Environment,AHEI,ATG,SUCCESS,
land,Land use,Environment,AHEI,AUS,SUCCESS,
land,Land use,Environment,AHEI,AUT,SUCCESS,
land,Land use,Environment,AHEI,AZE,SUCCESS,
land,Land use,Environment,AHEI,BDI,SUCCESS,
land,Land use,Environment,AHEI,BEL,SUCCESS,
land,Land use,Environment,AHEI,BEN,SUCCESS,
land,Land use,Environment,AHEI,BFA,SUCCESS,
land,Land use,Environment,AHEI,BGD,SUCCESS,
land,Land use,Environment,AHEI,BGR,SUCCESS,
land,Land use,Environment,AHEI,BHR,SUCCESS,
land,Land use,Environment,AHEI,BHS,SUCCESS,
land,Land use,Environment,AHEI,BIH,SUCCESS,
land,Land use,Environment,AHEI,BLR,SUCCESS,
land,Land use,Environment,AHEI,BLZ,SUCCESS,
land,Land use,Environment,AHEI,BOL,SUCCESS,
land,Land use,Environment,AHEI,BRA,SUCCESS,
land,Land use,Environment,AHEI,BRB,SUCCESS,
land,Land use,Environment,AHEI,BRN,SUCCESS,
land,Land use,Environment,AHEI,BTN,SUCCESS,
land,Land use,Environment,AHEI,BWA,SUCCESS,
land,Land use,Environment,AHEI,CAF,SUCCESS,
land,Land use,Environment,AHEI,CAN,SUCCESS,
land,Land use,Environment,AHEI,CHE,SUCCESS,
land,Land use,Environment,AHEI,CHL,SUCCESS,
land,Land use,Environment,AHEI,CHN,SUCCESS,
land,Land use,Environment,AHEI,CIV,SUCCESS,
land,Land use,Environment,AHEI,CMR,SUCCESS,
land,Land use,Environment,AHEI,COD,SUCCESS,
land,Land use,Environment,AHEI,COG,SUCCESS,
land,Land use,Environment,AHEI,COL,SUCCESS,
land,Land use,Environment,AHEI,COM,SUCCESS,
land,Land use,Environment,AHEI,CPV,SUCCESS,
land,Land use,Environment,AHEI,CRI,SUCCESS,
land,Land use,Environment,AHEI,CUB,SUCCESS,
land,Land use,Environment,AHEI,CYP,SUCCESS,
land,Land use,Environment,AHEI,CZE,SUCCESS,
land,Land use,Environment,AHEI,DEU,SUCCESS,
land,Land use,Environment,AHEI,DJI,SUCCESS,
land,Land use,Environment,AHEI,DMA,SUCCESS,
land,Land use,Environment,AHEI,DNK,SUCCESS,
land,Land use,Environment,AHEI,DOM,SUCCESS,
land,Land use,Environment,AHEI,DZA,SUCCESS,
land,Land use,Environment,AHEI,ECU,SUCCESS,
land,Land use,Environment,AHEI,EGY,SUCCESS,
land,Land use,Environment,AHEI,ERI,SUCCESS,
land,Land use,Environment,AHEI,ESP,SUCCESS,
land,Land use,Environment,AHEI,EST,SUCCESS,
land,Land use,Environment,AHEI,ETH,SUCCESS,
land,Land use,Environment,AHEI,FIN,SUCCESS,
land,Land use,Environment,AHEI,FJI,SUCCESS,
land,Land use,Environment,AHEI,FRA,SUCCESS,
land,Land use,Environment,AHEI,FSM,SUCCESS,
land,Land use,Environment,AHEI,GAB,SUCCESS,
land,Land use,Environment,AHEI,GBR,SUCCESS,
land,Land use,Environment,AHEI,GEO,SUCCESS,
land,Land use,Environment,AHEI,GHA,SUCCESS,
land,Land use,Environment,AHEI,GIN,SUCCESS,
land,Land use,Environment,AHEI,GMB,SUCCESS,
land,Land use,Environment,AHEI,GNB,SUCCESS,
land,Land use,Environment,AHEI,GNQ,SUCCESS,
land,Land use,Environment,AHEI,GRC,SUCCESS,
land,Land use,Environment,AHEI,GRD,SUCCESS,
land,Land use,Environment,AHEI,GTM,SUCCESS,
land,Land use,Environment,AHEI,GUY,SUCCESS,
land,Land use,Environment,AHEI,HND,SUCCESS,
land,Land use,Environment,AHEI,HRV,SUCCESS,
land,Land use,Environment,AHEI,HTI,SUCCESS,
land,Land use,Environment,AHEI,HUN,SUCCESS,
land,Land use,Environment,AHEI,IDN,SUCCESS,
land,Land use,Environment,AHEI,IND,SUCCESS,
land,Land use,Environment,AHEI,IRL,SUCCESS,
land,Land use,Environment,AHEI,IRN,SUCCESS,
land,Land use,Environment,AHEI,IRQ,SUCCESS,
land,Land use,Environment,AHEI,ISL,SUCCESS,
land,Land use,Environment,AHEI,ISR,SUCCESS,
land,Land use,Environment,AHEI,ITA,SUCCESS,
land,Land use,Environment,AHEI,JAM,SUCCESS,
land,Land use,Environment,AHEI,JOR,SUCCESS,
land,Land use,Environment,AHEI,JPN,SUCCESS,
land,Land use,Environment,AHEI,KAZ,SUCCESS,
land,Land use,Environment,AHEI,KEN,SUCCESS,
land,Land use,Environment,AHEI,KGZ,SUCCESS,
land,Land use,Environment,AHEI,KHM,SUCCESS,
land,Land use,Environment,AHEI,KIR,SUCCESS,
land,Land use,Environment,AHEI,KOR,SUCCESS,
land,Land use,Environment,AHEI,KWT,SUCCESS,
land,Land use,Environment,AHEI,LAO,SUCCESS,
land,Land use,Environment,AHEI,LBN,SUCCESS,
land,Land use,Environment,AHEI,LBR,SUCCESS,
land,Land use,Environment,AHEI,LBY,SUCCESS,
land,Land use,Environment,AHEI,LCA,SUCCESS,
land,Land use,Environment,AHEI,LKA,SUCCESS,
land,Land use,Environment,AHEI,LSO,SUCCESS,
land,Land use,Environment,AHEI,LTU,SUCCESS,
land,Land use,Environment,AHEI,LUX,SUCCESS,
land,Land use,Environment,AHEI,LVA,SUCCESS,
land,Land use,Environment,AHEI,MAR,SUCCESS,
land,Land use,Environment,AHEI,MDA,SUCCESS,
land,Land use,Environment,AHEI,MDG,SUCCESS,
land,Land use,Environment,AHEI,MDV,SUCCESS,
land,Land use,Environment,AHEI,MEX,SUCCESS,
land,Land use,Environment,AHEI,MHL,SUCCESS,
land,Land use,Environment,AHEI,MKD,SUCCESS,
land,Land use,Environment,AHEI,MLI,SUCCESS,
land,Land use,Environment,AHEI,MLT,SUCCESS,
land,Land use,Environment,AHEI,MMR,SUCCESS,
land,Land use,Environment,AHEI,MNE,SUCCESS,
land,Land use,Environment,AHEI,MNG,SUCCESS,
land,Land use,Environment,AHEI,MOZ,SUCCESS,
land,Land use,Environment,AHEI,MRT,SUCCESS,
land,Land use,Environment,AHEI,MUS,SUCCESS,
land,Land use,Environment,AHEI,MWI,SUCCESS,
land,Land use,Environment,AHEI,MYS,SUCCESS,
land,Land use,Environment,AHEI,NAM,SUCCESS,
land,Land use,Environment,AHEI,NER,SUCCESS,
land,Land use,Environment,AHEI,NGA,SUCCESS,
land,Land use,Environment,AHEI,NIC,SUCCESS,
land,Land use,Environment,AHEI,NLD,SUCCESS,
land,Land use,Environment,AHEI,NOR,SUCCESS,
land,Land use,Environment,AHEI,NPL,SUCCESS,
land,Land use,Environment,AHEI,NZL,SUCCESS,
land,Land use,Environment,AHEI,OMN,SUCCESS,
land,Land use,Environment,AHEI,PAK,SUCCESS,
land,Land use,Environment,AHEI,PAN,SUCCESS,
land,Land use,Environment,AHEI,PER,SUCCESS,
land,Land use,Environment,AHEI,PHL,SUCCESS,
land,Land use,Environment,AHEI,PNG,SUCCESS,
land,Land use,Environment,AHEI,POL,SUCCESS,
land,Land use,Environment,AHEI,PRT,SUCCESS,
land,Land use,Environment,AHEI,PRY,SUCCESS,
land,Land use,Environment,AHEI,PSE,SUCCESS,
land,Land use,Environment,AHEI,QAT,SUCCESS,
land,Land use,Environment,AHEI,ROU,SUCCESS,
land,Land use,Environment,AHEI,RUS,SUCCESS,
land,Land use,Environment,AHEI,RWA,SUCCESS,
land,Land use,Environment,AHEI,SAU,SUCCESS,
land,Land use,Environment,AHEI,SDN,SUCCESS,
land,Land use,Environment,AHEI,SEN,SUCCESS,
land,Land use,Environment,AHEI,SGP,SUCCESS,
land,Land use,Environment,AHEI,SLB,SUCCESS,
land,Land use,Environment,AHEI,SLE,SUCCESS,
land,Land use,Environment,AHEI,SLV,SUCCESS,
land,Land use,Environment,AHEI,SRB,SUCCESS,
land,Land use,Environment,AHEI,SSD,SUCCESS,
land,Land use,Environment,AHEI,STP,SUCCESS,
land,Land use,Environment,AHEI,SUR,SUCCESS,
land,Land use,Environment,AHEI,SVK,SUCCESS,
land,Land use,Environment,AHEI,SVN,SUCCESS,
land,Land use,Environment,AHEI,SWE,SUCCESS,
land,Land use,Environment,AHEI,SWZ,SUCCESS,
land,Land use,Environment,AHEI,SYC,SUCCESS,
land,Land use,Environment,AHEI,SYR,SUCCESS,
land,Land use,Environment,AHEI,TCD,SUCCESS,
land,Land use,Environment,AHEI,TGO,SUCCESS,
land,Land use,Environment,AHEI,THA,SUCCESS,
land,Land use,Environment,AHEI,TJK,SUCCESS,
land,Land use,Environment,AHEI,TKM,SUCCESS,
land,Land use,Environment,AHEI,TLS,SUCCESS,
land,Land use,Environment,AHEI,TON,SUCCESS,
land,Land use,Environment,AHEI,TTO,SUCCESS,
land,Land use,Environment,AHEI,TUN,SUCCESS,
land,Land use,Environment,AHEI,TUR,SUCCESS,
land,Land use,Environment,AHEI,TWN,SUCCESS,
land,Land use,Environment,AHEI,TZA,SUCCESS,
land,Land use,Environment,AHEI,UGA,SUCCESS,
land,Land use,Environment,AHEI,UKR,SUCCESS,
land,Land use,Environment,AHEI,URY,SUCCESS,
land,Land use,Environment,AHEI,USA,SUCCESS,
land,Land use,Environment,AHEI,UZB,SUCCESS,
land,Land use,Environment,AHEI,VCT,SUCCESS,
land,Land use,Environment,AHEI,VEN,SUCCESS,
land,Land use,Environment,AHEI,VNM,SUCCESS,
land,Land use,Environment,AHEI,VUT,SUCCESS,
land,Land use,Environment,AHEI,WSM,SUCCESS,
land,Land use,Environment,AHEI,YEM,SUCCESS,
land,Land use,Environment,AHEI,ZAF,SUCCESS,
land,Land use,Environment,AHEI,ZMB,SUCCESS,
land,Land use,Environment,AHEI,ZWE,SUCCESS,
water,Water-scarcity,Environment,mPHDI,AFG,SUCCESS,
water,Water-scarcity,Environment,mPHDI,AGO,SUCCESS,
water,Water-scarcity,Environment,mPHDI,ALB,SUCCESS,
water,Water-scarcity,Environment,mPHDI,ARE,SUCCESS,
water,Water-scarcity,Environment,mPHDI,ARG,SUCCESS,
water,Water-scarcity,Environment,mPHDI,ARM,SUCCESS,
water,Water-scarcity,Environment,mPHDI,ATG,SUCCESS,
water,Water-scarcity,Environment,mPHDI,AUS,SUCCESS,
water,Water-scarcity,Environment,mPHDI,AUT,SUCCESS,
water,Water-scarcity,Environment,mPHDI,AZE,SUCCESS,
water,Water-scarcity,Environment,mPHDI,BDI,SUCCESS,
water,Water-scarcity,Environment,mPHDI,BEL,SUCCESS,
water,Water-scarcity,Environment,mPHDI,BEN,SUCCESS,
water,Water-scarcity,Environment,mPHDI,BFA,SUCCESS,
water,Water-scarcity,Environment,mPHDI,BGD,SUCCESS,
water,Water-scarcity,Environment,mPHDI,BGR,SUCCESS,
water,Water-scarcity,Environment,mPHDI,BHR,SUCCESS,
water,Water-scarcity,Environment,mPHDI,BHS,SUCCESS,
water,Water-scarcity,Environment,mPHDI,BIH,SUCCESS,
water,Water-scarcity,Environment,mPHDI,BLR,SUCCESS,
water,Water-scarcity,Environment,mPHDI,BLZ,SUCCESS,
water,Water-scarcity,Environment,mPHDI,BOL,SUCCESS,
water,Water-scarcity,Environment,mPHDI,BRA,SUCCESS,
water,Water-scarcity,Environment,mPHDI,BRB,SUCCESS,
water,Water-scarcity,Environment,mPHDI,BRN,SUCCESS,
water,Water-scarcity,Environment,mPHDI,BTN,SUCCESS,
water,Water-scarcity,Environment,mPHDI,BWA,SUCCESS,
water,Water-scarcity,Environment,mPHDI,CAF,SUCCESS,
water,Water-scarcity,Environment,mPHDI,CAN,SUCCESS,
water,Water-scarcity,Environment,mPHDI,CHE,SUCCESS,
water,Water-scarcity,Environment,mPHDI,CHL,SUCCESS,
water,Water-scarcity,Environment,mPHDI,CHN,SUCCESS,
water,Water-scarcity,Environment,mPHDI,CIV,SUCCESS,
water,Water-scarcity,Environment,mPHDI,CMR,SUCCESS,
water,Water-scarcity,Environment,mPHDI,COD,SUCCESS,
water,Water-scarcity,Environment,mPHDI,COG,SUCCESS,
water,Water-scarcity,Environment,mPHDI,COL,SUCCESS,
water,Water-scarcity,Environment,mPHDI,COM,SUCCESS,
water,Water-scarcity,Environment,mPHDI,CPV,SUCCESS,
water,Water-scarcity,Environment,mPHDI,CRI,SUCCESS,
water,Water-scarcity,Environment,mPHDI,CUB,SUCCESS,
water,Water-scarcity,Environment,mPHDI,CYP,SUCCESS,
water,Water-scarcity,Environment,mPHDI,CZE,SUCCESS,
water,Water-scarcity,Environment,mPHDI,DEU,SUCCESS,
water,Water-scarcity,Environment,mPHDI,DJI,SUCCESS,
water,Water-scarcity,Environment,mPHDI,DMA,SUCCESS,
water,Water-scarcity,Environment,mPHDI,DNK,SUCCESS,
water,Water-scarcity,Environment,mPHDI,DOM,SUCCESS,
water,Water-scarcity,Environment,mPHDI,DZA,SUCCESS,
water,Water-scarcity,Environment,mPHDI,ECU,SUCCESS,
water,Water-scarcity,Environment,mPHDI,EGY,SUCCESS,
water,Water-scarcity,Environment,mPHDI,ERI,SUCCESS,
water,Water-scarcity,Environment,mPHDI,ESP,SUCCESS,
water,Water-scarcity,Environment,mPHDI,EST,SUCCESS,
water,Water-scarcity,Environment,mPHDI,ETH,SUCCESS,
water,Water-scarcity,Environment,mPHDI,FIN,SUCCESS,
water,Water-scarcity,Environment,mPHDI,FJI,SUCCESS,
water,Water-scarcity,Environment,mPHDI,FRA,SUCCESS,
water,Water-scarcity,Environment,mPHDI,FSM,SUCCESS,
water,Water-scarcity,Environment,mPHDI,GAB,SUCCESS,
water,Water-scarcity,Environment,mPHDI,GBR,SUCCESS,
water,Water-scarcity,Environment,mPHDI,GEO,SUCCESS,
water,Water-scarcity,Environment,mPHDI,GHA,SUCCESS,
water,Water-scarcity,Environment,mPHDI,GIN,SUCCESS,
water,Water-scarcity,Environment,mPHDI,GMB,SUCCESS,
water,Water-scarcity,Environment,mPHDI,GNB,SUCCESS,
water,Water-scarcity,Environment,mPHDI,GNQ,SUCCESS,
water,Water-scarcity,Environment,mPHDI,GRC,SUCCESS,
water,Water-scarcity,Environment,mPHDI,GRD,SUCCESS,
water,Water-scarcity,Environment,mPHDI,GTM,SUCCESS,
water,Water-scarcity,Environment,mPHDI,GUY,SUCCESS,
water,Water-scarcity,Environment,mPHDI,HND,SUCCESS,
water,Water-scarcity,Environment,mPHDI,HRV,SUCCESS,
water,Water-scarcity,Environment,mPHDI,HTI,SUCCESS,
water,Water-scarcity,Environment,mPHDI,HUN,SUCCESS,
water,Water-scarcity,Environment,mPHDI,IDN,SUCCESS,
water,Water-scarcity,Environment,mPHDI,IND,SUCCESS,
water,Water-scarcity,Environment,mPHDI,IRL,SUCCESS,
water,Water-scarcity,Environment,mPHDI,IRN,SUCCESS,
water,Water-scarcity,Environment,mPHDI,IRQ,SUCCESS,
water,Water-scarcity,Environment,mPHDI,ISL,SUCCESS,
water,Water-scarcity,Environment,mPHDI,ISR,SUCCESS,
water,Water-scarcity,Environment,mPHDI,ITA,SUCCESS,
water,Water-scarcity,Environment,mPHDI,JAM,SUCCESS,
water,Water-scarcity,Environment,mPHDI,JOR,SUCCESS,
water,Water-scarcity,Environment,mPHDI,JPN,SUCCESS,
water,Water-scarcity,Environment,mPHDI,KAZ,SUCCESS,
water,Water-scarcity,Environment,mPHDI,KEN,SUCCESS,
water,Water-scarcity,Environment,mPHDI,KGZ,SUCCESS,
water,Water-scarcity,Environment,mPHDI,KHM,SUCCESS,
water,Water-scarcity,Environment,mPHDI,KIR,SUCCESS,
water,Water-scarcity,Environment,mPHDI,KOR,SUCCESS,
water,Water-scarcity,Environment,mPHDI,KWT,SUCCESS,
water,Water-scarcity,Environment,mPHDI,LAO,SUCCESS,
water,Water-scarcity,Environment,mPHDI,LBN,SUCCESS,
water,Water-scarcity,Environment,mPHDI,LBR,SUCCESS,
water,Water-scarcity,Environment,mPHDI,LBY,SUCCESS,
water,Water-scarcity,Environment,mPHDI,LCA,SUCCESS,
water,Water-scarcity,Environment,mPHDI,LKA,SUCCESS,
water,Water-scarcity,Environment,mPHDI,LSO,SUCCESS,
water,Water-scarcity,Environment,mPHDI,LTU,SUCCESS,
water,Water-scarcity,Environment,mPHDI,LUX,SUCCESS,
water,Water-scarcity,Environment,mPHDI,LVA,SUCCESS,
water,Water-scarcity,Environment,mPHDI,MAR,SUCCESS,
water,Water-scarcity,Environment,mPHDI,MDA,SUCCESS,
water,Water-scarcity,Environment,mPHDI,MDG,SUCCESS,
water,Water-scarcity,Environment,mPHDI,MDV,SUCCESS,
water,Water-scarcity,Environment,mPHDI,MEX,SUCCESS,
water,Water-scarcity,Environment,mPHDI,MHL,SUCCESS,
water,Water-scarcity,Environment,mPHDI,MKD,SUCCESS,
water,Water-scarcity,Environment,mPHDI,MLI,SUCCESS,
water,Water-scarcity,Environment,mPHDI,MLT,SUCCESS,
water,Water-scarcity,Environment,mPHDI,MMR,SUCCESS,
water,Water-scarcity,Environment,mPHDI,MNE,SUCCESS,
water,Water-scarcity,Environment,mPHDI,MNG,SUCCESS,
water,Water-scarcity,Environment,mPHDI,MOZ,SUCCESS,
water,Water-scarcity,Environment,mPHDI,MRT,SUCCESS,
water,Water-scarcity,Environment,mPHDI,MUS,SUCCESS,
water,Water-scarcity,Environment,mPHDI,MWI,SUCCESS,
water,Water-scarcity,Environment,mPHDI,MYS,SUCCESS,
water,Water-scarcity,Environment,mPHDI,NAM,SUCCESS,
water,Water-scarcity,Environment,mPHDI,NER,SUCCESS,
water,Water-scarcity,Environment,mPHDI,NGA,SUCCESS,
water,Water-scarcity,Environment,mPHDI,NIC,SUCCESS,
water,Water-scarcity,Environment,mPHDI,NLD,SUCCESS,
water,Water-scarcity,Environment,mPHDI,NOR,SUCCESS,
water,Water-scarcity,Environment,mPHDI,NPL,SUCCESS,
water,Water-scarcity,Environment,mPHDI,NZL,SUCCESS,
water,Water-scarcity,Environment,mPHDI,OMN,SUCCESS,
water,Water-scarcity,Environment,mPHDI,PAK,SUCCESS,
water,Water-scarcity,Environment,mPHDI,PAN,SUCCESS,
water,Water-scarcity,Environment,mPHDI,PER,SUCCESS,
water,Water-scarcity,Environment,mPHDI,PHL,SUCCESS,
water,Water-scarcity,Environment,mPHDI,PNG,SUCCESS,
water,Water-scarcity,Environment,mPHDI,POL,SUCCESS,
water,Water-scarcity,Environment,mPHDI,PRT,SUCCESS,
water,Water-scarcity,Environment,mPHDI,PRY,SUCCESS,
water,Water-scarcity,Environment,mPHDI,PSE,SUCCESS,
water,Water-scarcity,Environment,mPHDI,QAT,SUCCESS,
water,Water-scarcity,Environment,mPHDI,ROU,SUCCESS,
water,Water-scarcity,Environment,mPHDI,RUS,SUCCESS,
water,Water-scarcity,Environment,mPHDI,RWA,SUCCESS,
water,Water-scarcity,Environment,mPHDI,SAU,SUCCESS,
water,Water-scarcity,Environment,mPHDI,SDN,SUCCESS,
water,Water-scarcity,Environment,mPHDI,SEN,SUCCESS,
water,Water-scarcity,Environment,mPHDI,SGP,SUCCESS,
water,Water-scarcity,Environment,mPHDI,SLB,SUCCESS,
water,Water-scarcity,Environment,mPHDI,SLE,SUCCESS,
water,Water-scarcity,Environment,mPHDI,SLV,SUCCESS,
water,Water-scarcity,Environment,mPHDI,SRB,SUCCESS,
water,Water-scarcity,Environment,mPHDI,SSD,SUCCESS,
water,Water-scarcity,Environment,mPHDI,STP,SUCCESS,
water,Water-scarcity,Environment,mPHDI,SUR,SUCCESS,
water,Water-scarcity,Environment,mPHDI,SVK,SUCCESS,
water,Water-scarcity,Environment,mPHDI,SVN,SUCCESS,
water,Water-scarcity,Environment,mPHDI,SWE,SUCCESS,
water,Water-scarcity,Environment,mPHDI,SWZ,SUCCESS,
water,Water-scarcity,Environment,mPHDI,SYC,SUCCESS,
water,Water-scarcity,Environment,mPHDI,SYR,SUCCESS,
water,Water-scarcity,Environment,mPHDI,TCD,SUCCESS,
water,Water-scarcity,Environment,mPHDI,TGO,SUCCESS,
water,Water-scarcity,Environment,mPHDI,THA,SUCCESS,
water,Water-scarcity,Environment,mPHDI,TJK,SUCCESS,
water,Water-scarcity,Environment,mPHDI,TKM,SUCCESS,
water,Water-scarcity,Environment,mPHDI,TLS,SUCCESS,
water,Water-scarcity,Environment,mPHDI,TON,SUCCESS,
water,Water-scarcity,Environment,mPHDI,TTO,SUCCESS,
water,Water-scarcity,Environment,mPHDI,TUN,SUCCESS,
water,Water-scarcity,Environment,mPHDI,TUR,SUCCESS,
water,Water-scarcity,Environment,mPHDI,TWN,SUCCESS,
water,Water-scarcity,Environment,mPHDI,TZA,SUCCESS,
water,Water-scarcity,Environment,mPHDI,UGA,SUCCESS,
water,Water-scarcity,Environment,mPHDI,UKR,SUCCESS,
water,Water-scarcity,Environment,mPHDI,URY,SUCCESS,
water,Water-scarcity,Environment,mPHDI,USA,SUCCESS,
water,Water-scarcity,Environment,mPHDI,UZB,SUCCESS,
water,Water-scarcity,Environment,mPHDI,VCT,SUCCESS,
water,Water-scarcity,Environment,mPHDI,VEN,SUCCESS,
water,Water-scarcity,Environment,mPHDI,VNM,SUCCESS,
water,Water-scarcity,Environment,mPHDI,VUT,SUCCESS,
water,Water-scarcity,Environment,mPHDI,WSM,SUCCESS,
water,Water-scarcity,Environment,mPHDI,YEM,SUCCESS,
water,Water-scarcity,Environment,mPHDI,ZAF,SUCCESS,
water,Water-scarcity,Environment,mPHDI,ZMB,SUCCESS,
water,Water-scarcity,Environment,mPHDI,ZWE,SUCCESS,
water,Water-scarcity,Environment,MED,AFG,SUCCESS,
water,Water-scarcity,Environment,MED,AGO,SUCCESS,
water,Water-scarcity,Environment,MED,ALB,SUCCESS,
water,Water-scarcity,Environment,MED,ARE,SUCCESS,
water,Water-scarcity,Environment,MED,ARG,SUCCESS,
water,Water-scarcity,Environment,MED,ARM,SUCCESS,
water,Water-scarcity,Environment,MED,ATG,SUCCESS,
water,Water-scarcity,Environment,MED,AUS,SUCCESS,
water,Water-scarcity,Environment,MED,AUT,SUCCESS,
water,Water-scarcity,Environment,MED,AZE,SUCCESS,
water,Water-scarcity,Environment,MED,BDI,SUCCESS,
water,Water-scarcity,Environment,MED,BEL,SUCCESS,
water,Water-scarcity,Environment,MED,BEN,SUCCESS,
water,Water-scarcity,Environment,MED,BFA,SUCCESS,
water,Water-scarcity,Environment,MED,BGD,SUCCESS,
water,Water-scarcity,Environment,MED,BGR,SUCCESS,
water,Water-scarcity,Environment,MED,BHR,SUCCESS,
water,Water-scarcity,Environment,MED,BHS,SUCCESS,
water,Water-scarcity,Environment,MED,BIH,SUCCESS,
water,Water-scarcity,Environment,MED,BLR,SUCCESS,
water,Water-scarcity,Environment,MED,BLZ,SUCCESS,
water,Water-scarcity,Environment,MED,BOL,SUCCESS,
water,Water-scarcity,Environment,MED,BRA,SUCCESS,
water,Water-scarcity,Environment,MED,BRB,SUCCESS,
water,Water-scarcity,Environment,MED,BRN,SUCCESS,
water,Water-scarcity,Environment,MED,BTN,SUCCESS,
water,Water-scarcity,Environment,MED,BWA,SUCCESS,
water,Water-scarcity,Environment,MED,CAF,SUCCESS,
water,Water-scarcity,Environment,MED,CAN,SUCCESS,
water,Water-scarcity,Environment,MED,CHE,SUCCESS,
water,Water-scarcity,Environment,MED,CHL,SUCCESS,
water,Water-scarcity,Environment,MED,CHN,SUCCESS,
water,Water-scarcity,Environment,MED,CIV,SUCCESS,
water,Water-scarcity,Environment,MED,CMR,SUCCESS,
water,Water-scarcity,Environment,MED,COD,SUCCESS,
water,Water-scarcity,Environment,MED,COG,SUCCESS,
water,Water-scarcity,Environment,MED,COL,SUCCESS,
water,Water-scarcity,Environment,MED,COM,SUCCESS,
water,Water-scarcity,Environment,MED,CPV,SUCCESS,
water,Water-scarcity,Environment,MED,CRI,SUCCESS,
water,Water-scarcity,Environment,MED,CUB,SUCCESS,
water,Water-scarcity,Environment,MED,CYP,SUCCESS,
water,Water-scarcity,Environment,MED,CZE,SUCCESS,
water,Water-scarcity,Environment,MED,DEU,SUCCESS,
water,Water-scarcity,Environment,MED,DJI,SUCCESS,
water,Water-scarcity,Environment,MED,DMA,SUCCESS,
water,Water-scarcity,Environment,MED,DNK,SUCCESS,
water,Water-scarcity,Environment,MED,DOM,SUCCESS,
water,Water-scarcity,Environment,MED,DZA,SUCCESS,
water,Water-scarcity,Environment,MED,ECU,SUCCESS,
water,Water-scarcity,Environment,MED,EGY,SUCCESS,
water,Water-scarcity,Environment,MED,ERI,SUCCESS,
water,Water-scarcity,Environment,MED,ESP,SUCCESS,
water,Water-scarcity,Environment,MED,EST,SUCCESS,
water,Water-scarcity,Environment,MED,ETH,SUCCESS,
water,Water-scarcity,Environment,MED,FIN,SUCCESS,
water,Water-scarcity,Environment,MED,FJI,SUCCESS,
water,Water-scarcity,Environment,MED,FRA,SUCCESS,
water,Water-scarcity,Environment,MED,FSM,SUCCESS,
water,Water-scarcity,Environment,MED,GAB,SUCCESS,
water,Water-scarcity,Environment,MED,GBR,SUCCESS,
water,Water-scarcity,Environment,MED,GEO,SUCCESS,
water,Water-scarcity,Environment,MED,GHA,SUCCESS,
water,Water-scarcity,Environment,MED,GIN,SUCCESS,
water,Water-scarcity,Environment,MED,GMB,SUCCESS,
water,Water-scarcity,Environment,MED,GNB,SUCCESS,
water,Water-scarcity,Environment,MED,GNQ,SUCCESS,
water,Water-scarcity,Environment,MED,GRC,SUCCESS,
water,Water-scarcity,Environment,MED,GRD,SUCCESS,
water,Water-scarcity,Environment,MED,GTM,SUCCESS,
water,Water-scarcity,Environment,MED,GUY,SUCCESS,
water,Water-scarcity,Environment,MED,HND,SUCCESS,
water,Water-scarcity,Environment,MED,HRV,SUCCESS,
water,Water-scarcity,Environment,MED,HTI,SUCCESS,
water,Water-scarcity,Environment,MED,HUN,SUCCESS,
water,Water-scarcity,Environment,MED,IDN,SUCCESS,
water,Water-scarcity,Environment,MED,IND,SUCCESS,
water,Water-scarcity,Environment,MED,IRL,SUCCESS,
water,Water-scarcity,Environment,MED,IRN,SUCCESS,
water,Water-scarcity,Environment,MED,IRQ,SUCCESS,
water,Water-scarcity,Environment,MED,ISL,SUCCESS,
water,Water-scarcity,Environment,MED,ISR,SUCCESS,
water,Water-scarcity,Environment,MED,ITA,SUCCESS,
water,Water-scarcity,Environment,MED,JAM,SUCCESS,
water,Water-scarcity,Environment,MED,JOR,SUCCESS,
water,Water-scarcity,Environment,MED,JPN,SUCCESS,
water,Water-scarcity,Environment,MED,KAZ,SUCCESS,
water,Water-scarcity,Environment,MED,KEN,SUCCESS,
water,Water-scarcity,Environment,MED,KGZ,SUCCESS,
water,Water-scarcity,Environment,MED,KHM,SUCCESS,
water,Water-scarcity,Environment,MED,KIR,SUCCESS,
water,Water-scarcity,Environment,MED,KOR,SUCCESS,
water,Water-scarcity,Environment,MED,KWT,SUCCESS,
water,Water-scarcity,Environment,MED,LAO,SUCCESS,
water,Water-scarcity,Environment,MED,LBN,SUCCESS,
water,Water-scarcity,Environment,MED,LBR,SUCCESS,
water,Water-scarcity,Environment,MED,LBY,SUCCESS,
water,Water-scarcity,Environment,MED,LCA,SUCCESS,
water,Water-scarcity,Environment,MED,LKA,SUCCESS,
water,Water-scarcity,Environment,MED,LSO,SUCCESS,
water,Water-scarcity,Environment,MED,LTU,SUCCESS,
water,Water-scarcity,Environment,MED,LUX,SUCCESS,
water,Water-scarcity,Environment,MED,LVA,SUCCESS,
water,Water-scarcity,Environment,MED,MAR,SUCCESS,
water,Water-scarcity,Environment,MED,MDA,SUCCESS,
water,Water-scarcity,Environment,MED,MDG,SUCCESS,
water,Water-scarcity,Environment,MED,MDV,SUCCESS,
water,Water-scarcity,Environment,MED,MEX,SUCCESS,
water,Water-scarcity,Environment,MED,MHL,SUCCESS,
water,Water-scarcity,Environment,MED,MKD,SUCCESS,
water,Water-scarcity,Environment,MED,MLI,SUCCESS,
water,Water-scarcity,Environment,MED,MLT,SUCCESS,
water,Water-scarcity,Environment,MED,MMR,SUCCESS,
water,Water-scarcity,Environment,MED,MNE,SUCCESS,
water,Water-scarcity,Environment,MED,MNG,SUCCESS,
water,Water-scarcity,Environment,MED,MOZ,SUCCESS,
water,Water-scarcity,Environment,MED,MRT,SUCCESS,
water,Water-scarcity,Environment,MED,MUS,SUCCESS,
water,Water-scarcity,Environment,MED,MWI,SUCCESS,
water,Water-scarcity,Environment,MED,MYS,SUCCESS,
water,Water-scarcity,Environment,MED,NAM,SUCCESS,
water,Water-scarcity,Environment,MED,NER,SUCCESS,
water,Water-scarcity,Environment,MED,NGA,SUCCESS,
water,Water-scarcity,Environment,MED,NIC,SUCCESS,
water,Water-scarcity,Environment,MED,NLD,SUCCESS,
water,Water-scarcity,Environment,MED,NOR,SUCCESS,
water,Water-scarcity,Environment,MED,NPL,SUCCESS,
water,Water-scarcity,Environment,MED,NZL,SUCCESS,
water,Water-scarcity,Environment,MED,OMN,SUCCESS,
water,Water-scarcity,Environment,MED,PAK,SUCCESS,
water,Water-scarcity,Environment,MED,PAN,SUCCESS,
water,Water-scarcity,Environment,MED,PER,SUCCESS,
water,Water-scarcity,Environment,MED,PHL,SUCCESS,
water,Water-scarcity,Environment,MED,PNG,SUCCESS,
water,Water-scarcity,Environment,MED,POL,SUCCESS,
water,Water-scarcity,Environment,MED,PRT,SUCCESS,
water,Water-scarcity,Environment,MED,PRY,SUCCESS,
water,Water-scarcity,Environment,MED,PSE,SUCCESS,
water,Water-scarcity,Environment,MED,QAT,SUCCESS,
water,Water-scarcity,Environment,MED,ROU,SUCCESS,
water,Water-scarcity,Environment,MED,RUS,SUCCESS,
water,Water-scarcity,Environment,MED,RWA,SUCCESS,
water,Water-scarcity,Environment,MED,SAU,SUCCESS,
water,Water-scarcity,Environment,MED,SDN,SUCCESS,
water,Water-scarcity,Environment,MED,SEN,SUCCESS,
water,Water-scarcity,Environment,MED,SGP,SUCCESS,
water,Water-scarcity,Environment,MED,SLB,SUCCESS,
water,Water-scarcity,Environment,MED,SLE,SUCCESS,
water,Water-scarcity,Environment,MED,SLV,SUCCESS,
water,Water-scarcity,Environment,MED,SRB,SUCCESS,
water,Water-scarcity,Environment,MED,SSD,SUCCESS,
water,Water-scarcity,Environment,MED,STP,SUCCESS,
water,Water-scarcity,Environment,MED,SUR,SUCCESS,
water,Water-scarcity,Environment,MED,SVK,SUCCESS,
water,Water-scarcity,Environment,MED,SVN,SUCCESS,
water,Water-scarcity,Environment,MED,SWE,SUCCESS,
water,Water-scarcity,Environment,MED,SWZ,SUCCESS,
water,Water-scarcity,Environment,MED,SYC,SUCCESS,
water,Water-scarcity,Environment,MED,SYR,SUCCESS,
water,Water-scarcity,Environment,MED,TCD,SUCCESS,
water,Water-scarcity,Environment,MED,TGO,SUCCESS,
water,Water-scarcity,Environment,MED,THA,SUCCESS,
water,Water-scarcity,Environment,MED,TJK,SUCCESS,
water,Water-scarcity,Environment,MED,TKM,SUCCESS,
water,Water-scarcity,Environment,MED,TLS,SUCCESS,
water,Water-scarcity,Environment,MED,TON,SUCCESS,
water,Water-scarcity,Environment,MED,TTO,SUCCESS,
water,Water-scarcity,Environment,MED,TUN,SUCCESS,
water,Water-scarcity,Environment,MED,TUR,SUCCESS,
water,Water-scarcity,Environment,MED,TWN,SUCCESS,
water,Water-scarcity,Environment,MED,TZA,SUCCESS,
water,Water-scarcity,Environment,MED,UGA,SUCCESS,
water,Water-scarcity,Environment,MED,UKR,SUCCESS,
water,Water-scarcity,Environment,MED,URY,SUCCESS,
water,Water-scarcity,Environment,MED,USA,SUCCESS,
water,Water-scarcity,Environment,MED,UZB,SUCCESS,
water,Water-scarcity,Environment,MED,VCT,SUCCESS,
water,Water-scarcity,Environment,MED,VEN,SUCCESS,
water,Water-scarcity,Environment,MED,VNM,SUCCESS,
water,Water-scarcity,Environment,MED,VUT,SUCCESS,
water,Water-scarcity,Environment,MED,WSM,SUCCESS,
water,Water-scarcity,Environment,MED,YEM,SUCCESS,
water,Water-scarcity,Environment,MED,ZAF,SUCCESS,
water,Water-scarcity,Environment,MED,ZMB,SUCCESS,
water,Water-scarcity,Environment,MED,ZWE,SUCCESS,
water,Water-scarcity,Environment,DASH,AFG,SUCCESS,
water,Water-scarcity,Environment,DASH,AGO,SUCCESS,
water,Water-scarcity,Environment,DASH,ALB,SUCCESS,
water,Water-scarcity,Environment,DASH,ARE,SUCCESS,
water,Water-scarcity,Environment,DASH,ARG,SUCCESS,
water,Water-scarcity,Environment,DASH,ARM,SUCCESS,
water,Water-scarcity,Environment,DASH,ATG,SUCCESS,
water,Water-scarcity,Environment,DASH,AUS,SUCCESS,
water,Water-scarcity,Environment,DASH,AUT,SUCCESS,
water,Water-scarcity,Environment,DASH,AZE,SUCCESS,
water,Water-scarcity,Environment,DASH,BDI,SUCCESS,
water,Water-scarcity,Environment,DASH,BEL,SUCCESS,
water,Water-scarcity,Environment,DASH,BEN,SUCCESS,
water,Water-scarcity,Environment,DASH,BFA,SUCCESS,
water,Water-scarcity,Environment,DASH,BGD,SUCCESS,
water,Water-scarcity,Environment,DASH,BGR,SUCCESS,
water,Water-scarcity,Environment,DASH,BHR,SUCCESS,
water,Water-scarcity,Environment,DASH,BHS,SUCCESS,
water,Water-scarcity,Environment,DASH,BIH,SUCCESS,
water,Water-scarcity,Environment,DASH,BLR,SUCCESS,
water,Water-scarcity,Environment,DASH,BLZ,SUCCESS,
water,Water-scarcity,Environment,DASH,BOL,SUCCESS,
water,Water-scarcity,Environment,DASH,BRA,SUCCESS,
water,Water-scarcity,Environment,DASH,BRB,SUCCESS,
water,Water-scarcity,Environment,DASH,BRN,SUCCESS,
water,Water-scarcity,Environment,DASH,BTN,SUCCESS,
water,Water-scarcity,Environment,DASH,BWA,SUCCESS,
water,Water-scarcity,Environment,DASH,CAF,SUCCESS,
water,Water-scarcity,Environment,DASH,CAN,SUCCESS,
water,Water-scarcity,Environment,DASH,CHE,SUCCESS,
water,Water-scarcity,Environment,DASH,CHL,SUCCESS,
water,Water-scarcity,Environment,DASH,CHN,SUCCESS,
water,Water-scarcity,Environment,DASH,CIV,SUCCESS,
water,Water-scarcity,Environment,DASH,CMR,SUCCESS,
water,Water-scarcity,Environment,DASH,COD,SUCCESS,
water,Water-scarcity,Environment,DASH,COG,SUCCESS,
water,Water-scarcity,Environment,DASH,COL,SUCCESS,
water,Water-scarcity,Environment,DASH,COM,SUCCESS,
water,Water-scarcity,Environment,DASH,CPV,SUCCESS,
water,Water-scarcity,Environment,DASH,CRI,SUCCESS,
water,Water-scarcity,Environment,DASH,CUB,SUCCESS,
water,Water-scarcity,Environment,DASH,CYP,SUCCESS,
water,Water-scarcity,Environment,DASH,CZE,SUCCESS,
water,Water-scarcity,Environment,DASH,DEU,SUCCESS,
water,Water-scarcity,Environment,DASH,DJI,SUCCESS,
water,Water-scarcity,Environment,DASH,DMA,SUCCESS,
water,Water-scarcity,Environment,DASH,DNK,SUCCESS,
water,Water-scarcity,Environment,DASH,DOM,SUCCESS,
water,Water-scarcity,Environment,DASH,DZA,SUCCESS,
water,Water-scarcity,Environment,DASH,ECU,SUCCESS,
water,Water-scarcity,Environment,DASH,EGY,SUCCESS,
water,Water-scarcity,Environment,DASH,ERI,SUCCESS,
water,Water-scarcity,Environment,DASH,ESP,SUCCESS,
water,Water-scarcity,Environment,DASH,EST,SUCCESS,
water,Water-scarcity,Environment,DASH,ETH,SUCCESS,
water,Water-scarcity,Environment,DASH,FIN,SUCCESS,
water,Water-scarcity,Environment,DASH,FJI,SUCCESS,
water,Water-scarcity,Environment,DASH,FRA,SUCCESS,
water,Water-scarcity,Environment,DASH,FSM,SUCCESS,
water,Water-scarcity,Environment,DASH,GAB,SUCCESS,
water,Water-scarcity,Environment,DASH,GBR,SUCCESS,
water,Water-scarcity,Environment,DASH,GEO,SUCCESS,
water,Water-scarcity,Environment,DASH,GHA,SUCCESS,
water,Water-scarcity,Environment,DASH,GIN,SUCCESS,
water,Water-scarcity,Environment,DASH,GMB,SUCCESS,
water,Water-scarcity,Environment,DASH,GNB,SUCCESS,
water,Water-scarcity,Environment,DASH,GNQ,SUCCESS,
water,Water-scarcity,Environment,DASH,GRC,SUCCESS,
water,Water-scarcity,Environment,DASH,GRD,SUCCESS,
water,Water-scarcity,Environment,DASH,GTM,SUCCESS,
water,Water-scarcity,Environment,DASH,GUY,SUCCESS,
water,Water-scarcity,Environment,DASH,HND,SUCCESS,
water,Water-scarcity,Environment,DASH,HRV,SUCCESS,
water,Water-scarcity,Environment,DASH,HTI,SUCCESS,
water,Water-scarcity,Environment,DASH,HUN,SUCCESS,
water,Water-scarcity,Environment,DASH,IDN,SUCCESS,
water,Water-scarcity,Environment,DASH,IND,SUCCESS,
water,Water-scarcity,Environment,DASH,IRL,SUCCESS,
water,Water-scarcity,Environment,DASH,IRN,SUCCESS,
water,Water-scarcity,Environment,DASH,IRQ,SUCCESS,
water,Water-scarcity,Environment,DASH,ISL,SUCCESS,
water,Water-scarcity,Environment,DASH,ISR,SUCCESS,
water,Water-scarcity,Environment,DASH,ITA,SUCCESS,
water,Water-scarcity,Environment,DASH,JAM,SUCCESS,
water,Water-scarcity,Environment,DASH,JOR,SUCCESS,
water,Water-scarcity,Environment,DASH,JPN,SUCCESS,
water,Water-scarcity,Environment,DASH,KAZ,SUCCESS,
water,Water-scarcity,Environment,DASH,KEN,SUCCESS,
water,Water-scarcity,Environment,DASH,KGZ,SUCCESS,
water,Water-scarcity,Environment,DASH,KHM,SUCCESS,
water,Water-scarcity,Environment,DASH,KIR,SUCCESS,
water,Water-scarcity,Environment,DASH,KOR,SUCCESS,
water,Water-scarcity,Environment,DASH,KWT,SUCCESS,
water,Water-scarcity,Environment,DASH,LAO,SUCCESS,
water,Water-scarcity,Environment,DASH,LBN,SUCCESS,
water,Water-scarcity,Environment,DASH,LBR,SUCCESS,
water,Water-scarcity,Environment,DASH,LBY,SUCCESS,
water,Water-scarcity,Environment,DASH,LCA,SUCCESS,
water,Water-scarcity,Environment,DASH,LKA,SUCCESS,
water,Water-scarcity,Environment,DASH,LSO,SUCCESS,
water,Water-scarcity,Environment,DASH,LTU,SUCCESS,
water,Water-scarcity,Environment,DASH,LUX,SUCCESS,
water,Water-scarcity,Environment,DASH,LVA,SUCCESS,
water,Water-scarcity,Environment,DASH,MAR,SUCCESS,
water,Water-scarcity,Environment,DASH,MDA,SUCCESS,
water,Water-scarcity,Environment,DASH,MDG,SUCCESS,
water,Water-scarcity,Environment,DASH,MDV,SUCCESS,
water,Water-scarcity,Environment,DASH,MEX,SUCCESS,
water,Water-scarcity,Environment,DASH,MHL,SUCCESS,
water,Water-scarcity,Environment,DASH,MKD,SUCCESS,
water,Water-scarcity,Environment,DASH,MLI,SUCCESS,
water,Water-scarcity,Environment,DASH,MLT,SUCCESS,
water,Water-scarcity,Environment,DASH,MMR,SUCCESS,
water,Water-scarcity,Environment,DASH,MNE,SUCCESS,
water,Water-scarcity,Environment,DASH,MNG,SUCCESS,
water,Water-scarcity,Environment,DASH,MOZ,SUCCESS,
water,Water-scarcity,Environment,DASH,MRT,SUCCESS,
water,Water-scarcity,Environment,DASH,MUS,SUCCESS,
water,Water-scarcity,Environment,DASH,MWI,SUCCESS,
water,Water-scarcity,Environment,DASH,MYS,SUCCESS,
water,Water-scarcity,Environment,DASH,NAM,SUCCESS,
water,Water-scarcity,Environment,DASH,NER,SUCCESS,
water,Water-scarcity,Environment,DASH,NGA,SUCCESS,
water,Water-scarcity,Environment,DASH,NIC,SUCCESS,
water,Water-scarcity,Environment,DASH,NLD,SUCCESS,
water,Water-scarcity,Environment,DASH,NOR,SUCCESS,
water,Water-scarcity,Environment,DASH,NPL,SUCCESS,
water,Water-scarcity,Environment,DASH,NZL,SUCCESS,
water,Water-scarcity,Environment,DASH,OMN,SUCCESS,
water,Water-scarcity,Environment,DASH,PAK,SUCCESS,
water,Water-scarcity,Environment,DASH,PAN,SUCCESS,
water,Water-scarcity,Environment,DASH,PER,SUCCESS,
water,Water-scarcity,Environment,DASH,PHL,SUCCESS,
water,Water-scarcity,Environment,DASH,PNG,SUCCESS,
water,Water-scarcity,Environment,DASH,POL,SUCCESS,
water,Water-scarcity,Environment,DASH,PRT,SUCCESS,
water,Water-scarcity,Environment,DASH,PRY,SUCCESS,
water,Water-scarcity,Environment,DASH,PSE,SUCCESS,
water,Water-scarcity,Environment,DASH,QAT,SUCCESS,
water,Water-scarcity,Environment,DASH,ROU,SUCCESS,
water,Water-scarcity,Environment,DASH,RUS,SUCCESS,
water,Water-scarcity,Environment,DASH,RWA,SUCCESS,
water,Water-scarcity,Environment,DASH,SAU,SUCCESS,
water,Water-scarcity,Environment,DASH,SDN,SUCCESS,
water,Water-scarcity,Environment,DASH,SEN,SUCCESS,
water,Water-scarcity,Environment,DASH,SGP,SUCCESS,
water,Water-scarcity,Environment,DASH,SLB,SUCCESS,
water,Water-scarcity,Environment,DASH,SLE,SUCCESS,
water,Water-scarcity,Environment,DASH,SLV,SUCCESS,
water,Water-scarcity,Environment,DASH,SRB,SUCCESS,
water,Water-scarcity,Environment,DASH,SSD,SUCCESS,
water,Water-scarcity,Environment,DASH,STP,SUCCESS,
water,Water-scarcity,Environment,DASH,SUR,SUCCESS,
water,Water-scarcity,Environment,DASH,SVK,SUCCESS,
water,Water-scarcity,Environment,DASH,SVN,SUCCESS,
water,Water-scarcity,Environment,DASH,SWE,SUCCESS,
water,Water-scarcity,Environment,DASH,SWZ,SUCCESS,
water,Water-scarcity,Environment,DASH,SYC,SUCCESS,
water,Water-scarcity,Environment,DASH,SYR,SUCCESS,
water,Water-scarcity,Environment,DASH,TCD,SUCCESS,
water,Water-scarcity,Environment,DASH,TGO,SUCCESS,
water,Water-scarcity,Environment,DASH,THA,SUCCESS,
water,Water-scarcity,Environment,DASH,TJK,SUCCESS,
water,Water-scarcity,Environment,DASH,TKM,SUCCESS,
water,Water-scarcity,Environment,DASH,TLS,SUCCESS,
water,Water-scarcity,Environment,DASH,TON,SUCCESS,
water,Water-scarcity,Environment,DASH,TTO,SUCCESS,
water,Water-scarcity,Environment,DASH,TUN,SUCCESS,
water,Water-scarcity,Environment,DASH,TUR,SUCCESS,
water,Water-scarcity,Environment,DASH,TWN,SUCCESS,
water,Water-scarcity,Environment,DASH,TZA,SUCCESS,
water,Water-scarcity,Environment,DASH,UGA,SUCCESS,
water,Water-scarcity,Environment,DASH,UKR,SUCCESS,
water,Water-scarcity,Environment,DASH,URY,SUCCESS,
water,Water-scarcity,Environment,DASH,USA,SUCCESS,
water,Water-scarcity,Environment,DASH,UZB,SUCCESS,
water,Water-scarcity,Environment,DASH,VCT,SUCCESS,
water,Water-scarcity,Environment,DASH,VEN,SUCCESS,
water,Water-scarcity,Environment,DASH,VNM,SUCCESS,
water,Water-scarcity,Environment,DASH,VUT,SUCCESS,
water,Water-scarcity,Environment,DASH,WSM,SUCCESS,
water,Water-scarcity,Environment,DASH,YEM,SUCCESS,
water,Water-scarcity,Environment,DASH,ZAF,SUCCESS,
water,Water-scarcity,Environment,DASH,ZMB,SUCCESS,
water,Water-scarcity,Environment,DASH,ZWE,SUCCESS,
water,Water-scarcity,Environment,AHEI,AFG,SUCCESS,
water,Water-scarcity,Environment,AHEI,AGO,SUCCESS,
water,Water-scarcity,Environment,AHEI,ALB,SUCCESS,
water,Water-scarcity,Environment,AHEI,ARE,SUCCESS,
water,Water-scarcity,Environment,AHEI,ARG,SUCCESS,
water,Water-scarcity,Environment,AHEI,ARM,SUCCESS,
water,Water-scarcity,Environment,AHEI,ATG,SUCCESS,
water,Water-scarcity,Environment,AHEI,AUS,SUCCESS,
water,Water-scarcity,Environment,AHEI,AUT,SUCCESS,
water,Water-scarcity,Environment,AHEI,AZE,SUCCESS,
water,Water-scarcity,Environment,AHEI,BDI,SUCCESS,
water,Water-scarcity,Environment,AHEI,BEL,SUCCESS,
water,Water-scarcity,Environment,AHEI,BEN,SUCCESS,
water,Water-scarcity,Environment,AHEI,BFA,SUCCESS,
water,Water-scarcity,Environment,AHEI,BGD,SUCCESS,
water,Water-scarcity,Environment,AHEI,BGR,SUCCESS,
water,Water-scarcity,Environment,AHEI,BHR,SUCCESS,
water,Water-scarcity,Environment,AHEI,BHS,SUCCESS,
water,Water-scarcity,Environment,AHEI,BIH,SUCCESS,
water,Water-scarcity,Environment,AHEI,BLR,SUCCESS,
water,Water-scarcity,Environment,AHEI,BLZ,SUCCESS,
water,Water-scarcity,Environment,AHEI,BOL,SUCCESS,
water,Water-scarcity,Environment,AHEI,BRA,SUCCESS,
water,Water-scarcity,Environment,AHEI,BRB,SUCCESS,
water,Water-scarcity,Environment,AHEI,BRN,SUCCESS,
water,Water-scarcity,Environment,AHEI,BTN,SUCCESS,
water,Water-scarcity,Environment,AHEI,BWA,SUCCESS,
water,Water-scarcity,Environment,AHEI,CAF,SUCCESS,
water,Water-scarcity,Environment,AHEI,CAN,SUCCESS,
water,Water-scarcity,Environment,AHEI,CHE,SUCCESS,
water,Water-scarcity,Environment,AHEI,CHL,SUCCESS,
water,Water-scarcity,Environment,AHEI,CHN,SUCCESS,
water,Water-scarcity,Environment,AHEI,CIV,SUCCESS,
water,Water-scarcity,Environment,AHEI,CMR,SUCCESS,
water,Water-scarcity,Environment,AHEI,COD,SUCCESS,
water,Water-scarcity,Environment,AHEI,COG,SUCCESS,
water,Water-scarcity,Environment,AHEI,COL,SUCCESS,
water,Water-scarcity,Environment,AHEI,COM,SUCCESS,
water,Water-scarcity,Environment,AHEI,CPV,SUCCESS,
water,Water-scarcity,Environment,AHEI,CRI,SUCCESS,
water,Water-scarcity,Environment,AHEI,CUB,SUCCESS,
water,Water-scarcity,Environment,AHEI,CYP,SUCCESS,
water,Water-scarcity,Environment,AHEI,CZE,SUCCESS,
water,Water-scarcity,Environment,AHEI,DEU,SUCCESS,
water,Water-scarcity,Environment,AHEI,DJI,SUCCESS,
water,Water-scarcity,Environment,AHEI,DMA,SUCCESS,
water,Water-scarcity,Environment,AHEI,DNK,SUCCESS,
water,Water-scarcity,Environment,AHEI,DOM,SUCCESS,
water,Water-scarcity,Environment,AHEI,DZA,SUCCESS,
water,Water-scarcity,Environment,AHEI,ECU,SUCCESS,
water,Water-scarcity,Environment,AHEI,EGY,SUCCESS,
water,Water-scarcity,Environment,AHEI,ERI,SUCCESS,
water,Water-scarcity,Environment,AHEI,ESP,SUCCESS,
water,Water-scarcity,Environment,AHEI,EST,SUCCESS,
water,Water-scarcity,Environment,AHEI,ETH,SUCCESS,
water,Water-scarcity,Environment,AHEI,FIN,SUCCESS,
water,Water-scarcity,Environment,AHEI,FJI,SUCCESS,
water,Water-scarcity,Environment,AHEI,FRA,SUCCESS,
water,Water-scarcity,Environment,AHEI,FSM,SUCCESS,
water,Water-scarcity,Environment,AHEI,GAB,SUCCESS,
water,Water-scarcity,Environment,AHEI,GBR,SUCCESS,
water,Water-scarcity,Environment,AHEI,GEO,SUCCESS,
water,Water-scarcity,Environment,AHEI,GHA,SUCCESS,
water,Water-scarcity,Environment,AHEI,GIN,SUCCESS,
water,Water-scarcity,Environment,AHEI,GMB,SUCCESS,
water,Water-scarcity,Environment,AHEI,GNB,SUCCESS,
water,Water-scarcity,Environment,AHEI,GNQ,SUCCESS,
water,Water-scarcity,Environment,AHEI,GRC,SUCCESS,
water,Water-scarcity,Environment,AHEI,GRD,SUCCESS,
water,Water-scarcity,Environment,AHEI,GTM,SUCCESS,
water,Water-scarcity,Environment,AHEI,GUY,SUCCESS,
water,Water-scarcity,Environment,AHEI,HND,SUCCESS,
water,Water-scarcity,Environment,AHEI,HRV,SUCCESS,
water,Water-scarcity,Environment,AHEI,HTI,SUCCESS,
water,Water-scarcity,Environment,AHEI,HUN,SUCCESS,
water,Water-scarcity,Environment,AHEI,IDN,SUCCESS,
water,Water-scarcity,Environment,AHEI,IND,SUCCESS,
water,Water-scarcity,Environment,AHEI,IRL,SUCCESS,
water,Water-scarcity,Environment,AHEI,IRN,SUCCESS,
water,Water-scarcity,Environment,AHEI,IRQ,SUCCESS,
water,Water-scarcity,Environment,AHEI,ISL,SUCCESS,
water,Water-scarcity,Environment,AHEI,ISR,SUCCESS,
water,Water-scarcity,Environment,AHEI,ITA,SUCCESS,
water,Water-scarcity,Environment,AHEI,JAM,SUCCESS,
water,Water-scarcity,Environment,AHEI,JOR,SUCCESS,
water,Water-scarcity,Environment,AHEI,JPN,SUCCESS,
water,Water-scarcity,Environment,AHEI,KAZ,SUCCESS,
water,Water-scarcity,Environment,AHEI,KEN,SUCCESS,
water,Water-scarcity,Environment,AHEI,KGZ,SUCCESS,
water,Water-scarcity,Environment,AHEI,KHM,SUCCESS,
water,Water-scarcity,Environment,AHEI,KIR,SUCCESS,
water,Water-scarcity,Environment,AHEI,KOR,SUCCESS,
water,Water-scarcity,Environment,AHEI,KWT,SUCCESS,
water,Water-scarcity,Environment,AHEI,LAO,SUCCESS,
water,Water-scarcity,Environment,AHEI,LBN,SUCCESS,
water,Water-scarcity,Environment,AHEI,LBR,SUCCESS,
water,Water-scarcity,Environment,AHEI,LBY,SUCCESS,
water,Water-scarcity,Environment,AHEI,LCA,SUCCESS,
water,Water-scarcity,Environment,AHEI,LKA,SUCCESS,
water,Water-scarcity,Environment,AHEI,LSO,SUCCESS,
water,Water-scarcity,Environment,AHEI,LTU,SUCCESS,
water,Water-scarcity,Environment,AHEI,LUX,SUCCESS,
water,Water-scarcity,Environment,AHEI,LVA,SUCCESS,
water,Water-scarcity,Environment,AHEI,MAR,SUCCESS,
water,Water-scarcity,Environment,AHEI,MDA,SUCCESS,
water,Water-scarcity,Environment,AHEI,MDG,SUCCESS,
water,Water-scarcity,Environment,AHEI,MDV,SUCCESS,
water,Water-scarcity,Environment,AHEI,MEX,SUCCESS,
water,Water-scarcity,Environment,AHEI,MHL,SUCCESS,
water,Water-scarcity,Environment,AHEI,MKD,SUCCESS,
water,Water-scarcity,Environment,AHEI,MLI,SUCCESS,
water,Water-scarcity,Environment,AHEI,MLT,SUCCESS,
water,Water-scarcity,Environment,AHEI,MMR,SUCCESS,
water,Water-scarcity,Environment,AHEI,MNE,SUCCESS,
water,Water-scarcity,Environment,AHEI,MNG,SUCCESS,
water,Water-scarcity,Environment,AHEI,MOZ,SUCCESS,
water,Water-scarcity,Environment,AHEI,MRT,SUCCESS,
water,Water-scarcity,Environment,AHEI,MUS,SUCCESS,
water,Water-scarcity,Environment,AHEI,MWI,SUCCESS,
water,Water-scarcity,Environment,AHEI,MYS,SUCCESS,
water,Water-scarcity,Environment,AHEI,NAM,SUCCESS,
water,Water-scarcity,Environment,AHEI,NER,SUCCESS,
water,Water-scarcity,Environment,AHEI,NGA,SUCCESS,
water,Water-scarcity,Environment,AHEI,NIC,SUCCESS,
water,Water-scarcity,Environment,AHEI,NLD,SUCCESS,
water,Water-scarcity,Environment,AHEI,NOR,SUCCESS,
water,Water-scarcity,Environment,AHEI,NPL,SUCCESS,
water,Water-scarcity,Environment,AHEI,NZL,SUCCESS,
water,Water-scarcity,Environment,AHEI,OMN,SUCCESS,
water,Water-scarcity,Environment,AHEI,PAK,SUCCESS,
water,Water-scarcity,Environment,AHEI,PAN,SUCCESS,
water,Water-scarcity,Environment,AHEI,PER,SUCCESS,
water,Water-scarcity,Environment,AHEI,PHL,SUCCESS,
water,Water-scarcity,Environment,AHEI,PNG,SUCCESS,
water,Water-scarcity,Environment,AHEI,POL,SUCCESS,
water,Water-scarcity,Environment,AHEI,PRT,SUCCESS,
water,Water-scarcity,Environment,AHEI,PRY,SUCCESS,
water,Water-scarcity,Environment,AHEI,PSE,SUCCESS,
water,Water-scarcity,Environment,AHEI,QAT,SUCCESS,
water,Water-scarcity,Environment,AHEI,ROU,SUCCESS,
water,Water-scarcity,Environment,AHEI,RUS,SUCCESS,
water,Water-scarcity,Environment,AHEI,RWA,SUCCESS,
water,Water-scarcity,Environment,AHEI,SAU,SUCCESS,
water,Water-scarcity,Environment,AHEI,SDN,SUCCESS,
water,Water-scarcity,Environment,AHEI,SEN,SUCCESS,
water,Water-scarcity,Environment,AHEI,SGP,SUCCESS,
water,Water-scarcity,Environment,AHEI,SLB,SUCCESS,
water,Water-scarcity,Environment,AHEI,SLE,SUCCESS,
water,Water-scarcity,Environment,AHEI,SLV,SUCCESS,
water,Water-scarcity,Environment,AHEI,SRB,SUCCESS,
water,Water-scarcity,Environment,AHEI,SSD,SUCCESS,
water,Water-scarcity,Environment,AHEI,STP,SUCCESS,
water,Water-scarcity,Environment,AHEI,SUR,SUCCESS,
water,Water-scarcity,Environment,AHEI,SVK,SUCCESS,
water,Water-scarcity,Environment,AHEI,SVN,SUCCESS,
water,Water-scarcity,Environment,AHEI,SWE,SUCCESS,
water,Water-scarcity,Environment,AHEI,SWZ,SUCCESS,
water,Water-scarcity,Environment,AHEI,SYC,SUCCESS,
water,Water-scarcity,Environment,AHEI,SYR,SUCCESS,
water,Water-scarcity,Environment,AHEI,TCD,SUCCESS,
water,Water-scarcity,Environment,AHEI,TGO,SUCCESS,
water,Water-scarcity,Environment,AHEI,THA,SUCCESS,
water,Water-scarcity,Environment,AHEI,TJK,SUCCESS,
water,Water-scarcity,Environment,AHEI,TKM,SUCCESS,
water,Water-scarcity,Environment,AHEI,TLS,SUCCESS,
water,Water-scarcity,Environment,AHEI,TON,SUCCESS,
water,Water-scarcity,Environment,AHEI,TTO,SUCCESS,
water,Water-scarcity,Environment,AHEI,TUN,SUCCESS,
water,Water-scarcity,Environment,AHEI,TUR,SUCCESS,
water,Water-scarcity,Environment,AHEI,TWN,SUCCESS,
water,Water-scarcity,Environment,AHEI,TZA,SUCCESS,
water,Water-scarcity,Environment,AHEI,UGA,SUCCESS,
water,Water-scarcity,Environment,AHEI,UKR,SUCCESS,
water,Water-scarcity,Environment,AHEI,URY,SUCCESS,
water,Water-scarcity,Environment,AHEI,USA,SUCCESS,
water,Water-scarcity,Environment,AHEI,UZB,SUCCESS,
water,Water-scarcity,Environment,AHEI,VCT,SUCCESS,
water,Water-scarcity,Environment,AHEI,VEN,SUCCESS,
water,Water-scarcity,Environment,AHEI,VNM,SUCCESS,
water,Water-scarcity,Environment,AHEI,VUT,SUCCESS,
water,Water-scarcity,Environment,AHEI,WSM,SUCCESS,
water,Water-scarcity,Environment,AHEI,YEM,SUCCESS,
water,Water-scarcity,Environment,AHEI,ZAF,SUCCESS,
water,Water-scarcity,Environment,AHEI,ZMB,SUCCESS,
water,Water-scarcity,Environment,AHEI,ZWE,SUCCESS,
eutrophication,Eutrophication,Environment,mPHDI,AFG,SUCCESS,
eutrophication,Eutrophication,Environment,mPHDI,AGO,SUCCESS,
eutrophication,Eutrophication,Environment,mPHDI,ALB,SUCCESS,
eutrophication,Eutrophication,Environment,mPHDI,ARE,SUCCESS,
eutrophication,Eutrophication,Environment,mPHDI,ARG,SUCCESS,
eutrophication,Eutrophication,Environment,mPHDI,ARM,SUCCESS,
eutrophication,Eutrophication,Environment,mPHDI,ATG,SUCCESS,
eutrophication,Eutrophication,Environment,mPHDI,AUS,SUCCESS,
eutrophication,Eutrophication,Environment,mPHDI,AUT,SUCCESS,
eutrophication,Eutrophication,Environment,mPHDI,AZE,SUCCESS,
eutrophication,Eutrophication,Environment,mPHDI,BDI,SUCCESS,
eutrophication,Eutrophication,Environment,mPHDI,BEL,SUCCESS,
eutrophication,Eutrophication,Environment,mPHDI,BEN,SUCCESS,
eutrophication,Eutrophication,Environment,mPHDI,BFA,SUCCESS,
eutrophication,Eutrophication,Environment,mPHDI,BGD,SUCCESS,
eutrophication,Eutrophication,Environment,mPHDI,BGR,SUCCESS,
eutrophication,Eutrophication,Environment,mPHDI,BHR,SUCCESS,
eutrophication,Eutrophication,Environment,mPHDI,BHS,SUCCESS,
eutrophication,Eutrophication,Environment,mPHDI,BIH,SUCCESS,
eutrophication,Eutrophication,Environment,mPHDI,BLR,SUCCESS,
eutrophication,Eutrophication,Environment,mPHDI,BLZ,SUCCESS,
eutrophication,Eutrophication,Environment,mPHDI,BOL,SUCCESS,
eutrophication,Eutrophication,Environment,mPHDI,BRA,SUCCESS,
eutrophication,Eutrophication,Environment,mPHDI,BRB,SUCCESS,
eutrophication,Eutrophication,Environment,mPHDI,BRN,SUCCESS,
eutrophication,Eutrophication,Environment,mPHDI,BTN,SUCCESS,
eutrophication,Eutrophication,Environment,mPHDI,BWA,SUCCESS,
eutrophication,Eutrophication,Environment,mPHDI,CAF,SUCCESS,
eutrophication,Eutrophication,Environment,mPHDI,CAN,SUCCESS,
eutrophication,Eutrophication,Environment,mPHDI,CHE,SUCCESS,
eutrophication,Eutrophication,Environment,mPHDI,CHL,SUCCESS,
eutrophication,Eutrophication,Environment,mPHDI,CHN,SUCCESS,
eutrophication,Eutrophication,Environment,mPHDI,CIV,SUCCESS,
eutrophication,Eutrophication,Environment,mPHDI,CMR,SUCCESS,
eutrophication,Eutrophication,Environment,mPHDI,COD,SUCCESS,
eutrophication,Eutrophication,Environment,mPHDI,COG,SUCCESS,
eutrophication,Eutrophication,Environment,mPHDI,COL,SUCCESS,
eutrophication,Eutrophication,Environment,mPHDI,COM,SUCCESS,
eutrophication,Eutrophication,Environment,mPHDI,CPV,SUCCESS,
eutrophication,Eutrophication,Environment,mPHDI,CRI,SUCCESS,
eutrophication,Eutrophication,Environment,mPHDI,CUB,SUCCESS,
eutrophication,Eutrophication,Environment,mPHDI,CYP,SUCCESS,
eutrophication,Eutrophication,Environment,mPHDI,CZE,SUCCESS,
eutrophication,Eutrophication,Environment,mPHDI,DEU,SUCCESS,
eutrophication,Eutrophication,Environment,mPHDI,DJI,SUCCESS,
eutrophication,Eutrophication,Environment,mPHDI,DMA,SUCCESS,
eutrophication,Eutrophication,Environment,mPHDI,DNK,SUCCESS,
eutrophication,Eutrophication,Environment,mPHDI,DOM,SUCCESS,
eutrophication,Eutrophication,Environment,mPHDI,DZA,SUCCESS,
eutrophication,Eutrophication,Environment,mPHDI,ECU,SUCCESS,
eutrophication,Eutrophication,Environment,mPHDI,EGY,SUCCESS,
eutrophication,Eutrophication,Environment,mPHDI,ERI,SUCCESS,
eutrophication,Eutrophication,Environment,mPHDI,ESP,SUCCESS,
eutrophication,Eutrophication,Environment,mPHDI,EST,SUCCESS,
eutrophication,Eutrophication,Environment,mPHDI,ETH,SUCCESS,
eutrophication,Eutrophication,Environment,mPHDI,FIN,SUCCESS,
eutrophication,Eutrophication,Environment,mPHDI,FJI,SUCCESS,
eutrophication,Eutrophication,Environment,mPHDI,FRA,SUCCESS,
eutrophication,Eutrophication,Environment,mPHDI,FSM,SUCCESS,
eutrophication,Eutrophication,Environment,mPHDI,GAB,SUCCESS,
eutrophication,Eutrophication,Environment,mPHDI,GBR,SUCCESS,
eutrophication,Eutrophication,Environment,mPHDI,GEO,SUCCESS,
eutrophication,Eutrophication,Environment,mPHDI,GHA,SUCCESS,
eutrophication,Eutrophication,Environment,mPHDI,GIN,SUCCESS,
eutrophication,Eutrophication,Environment,mPHDI,GMB,SUCCESS,
eutrophication,Eutrophication,Environment,mPHDI,GNB,SUCCESS,
eutrophication,Eutrophication,Environment,mPHDI,GNQ,SUCCESS,
eutrophication,Eutrophication,Environment,mPHDI,GRC,SUCCESS,
eutrophication,Eutrophication,Environment,mPHDI,GRD,SUCCESS,
eutrophication,Eutrophication,Environment,mPHDI,GTM,SUCCESS,
eutrophication,Eutrophication,Environment,mPHDI,GUY,SUCCESS,
eutrophication,Eutrophication,Environment,mPHDI,HND,SUCCESS,
eutrophication,Eutrophication,Environment,mPHDI,HRV,SUCCESS,
eutrophication,Eutrophication,Environment,mPHDI,HTI,SUCCESS,
eutrophication,Eutrophication,Environment,mPHDI,HUN,SUCCESS,
eutrophication,Eutrophication,Environment,mPHDI,IDN,SUCCESS,
eutrophication,Eutrophication,Environment,mPHDI,IND,SUCCESS,
eutrophication,Eutrophication,Environment,mPHDI,IRL,SUCCESS,
eutrophication,Eutrophication,Environment,mPHDI,IRN,SUCCESS,
eutrophication,Eutrophication,Environment,mPHDI,IRQ,SUCCESS,
eutrophication,Eutrophication,Environment,mPHDI,ISL,SUCCESS,
eutrophication,Eutrophication,Environment,mPHDI,ISR,SUCCESS,
eutrophication,Eutrophication,Environment,mPHDI,ITA,SUCCESS,
eutrophication,Eutrophication,Environment,mPHDI,JAM,SUCCESS,
eutrophication,Eutrophication,Environment,mPHDI,JOR,SUCCESS,
eutrophication,Eutrophication,Environment,mPHDI,JPN,SUCCESS,
eutrophication,Eutrophication,Environment,mPHDI,KAZ,SUCCESS,
eutrophication,Eutrophication,Environment,mPHDI,KEN,SUCCESS,
eutrophication,Eutrophication,Environment,mPHDI,KGZ,SUCCESS,
eutrophication,Eutrophication,Environment,mPHDI,KHM,SUCCESS,
eutrophication,Eutrophication,Environment,mPHDI,KIR,SUCCESS,
eutrophication,Eutrophication,Environment,mPHDI,KOR,SUCCESS,
eutrophication,Eutrophication,Environment,mPHDI,KWT,SUCCESS,
eutrophication,Eutrophication,Environment,mPHDI,LAO,SUCCESS,
eutrophication,Eutrophication,Environment,mPHDI,LBN,SUCCESS,
eutrophication,Eutrophication,Environment,mPHDI,LBR,SUCCESS,
eutrophication,Eutrophication,Environment,mPHDI,LBY,SUCCESS,
eutrophication,Eutrophication,Environment,mPHDI,LCA,SUCCESS,
eutrophication,Eutrophication,Environment,mPHDI,LKA,SUCCESS,
eutrophication,Eutrophication,Environment,mPHDI,LSO,SUCCESS,
eutrophication,Eutrophication,Environment,mPHDI,LTU,SUCCESS,
eutrophication,Eutrophication,Environment,mPHDI,LUX,SUCCESS,
eutrophication,Eutrophication,Environment,mPHDI,LVA,SUCCESS,
eutrophication,Eutrophication,Environment,mPHDI,MAR,SUCCESS,
eutrophication,Eutrophication,Environment,mPHDI,MDA,SUCCESS,
eutrophication,Eutrophication,Environment,mPHDI,MDG,SUCCESS,
eutrophication,Eutrophication,Environment,mPHDI,MDV,SUCCESS,
eutrophication,Eutrophication,Environment,mPHDI,MEX,SUCCESS,
eutrophication,Eutrophication,Environment,mPHDI,MHL,SUCCESS,
eutrophication,Eutrophication,Environment,mPHDI,MKD,SUCCESS,
eutrophication,Eutrophication,Environment,mPHDI,MLI,SUCCESS,
eutrophication,Eutrophication,Environment,mPHDI,MLT,SUCCESS,
eutrophication,Eutrophication,Environment,mPHDI,MMR,SUCCESS,
eutrophication,Eutrophication,Environment,mPHDI,MNE,SUCCESS,
eutrophication,Eutrophication,Environment,mPHDI,MNG,SUCCESS,
eutrophication,Eutrophication,Environment,mPHDI,MOZ,SUCCESS,
eutrophication,Eutrophication,Environment,mPHDI,MRT,SUCCESS,
eutrophication,Eutrophication,Environment,mPHDI,MUS,SUCCESS,
eutrophication,Eutrophication,Environment,mPHDI,MWI,SUCCESS,
eutrophication,Eutrophication,Environment,mPHDI,MYS,SUCCESS,
eutrophication,Eutrophication,Environment,mPHDI,NAM,SUCCESS,
eutrophication,Eutrophication,Environment,mPHDI,NER,SUCCESS,
eutrophication,Eutrophication,Environment,mPHDI,NGA,SUCCESS,
eutrophication,Eutrophication,Environment,mPHDI,NIC,SUCCESS,
eutrophication,Eutrophication,Environment,mPHDI,NLD,SUCCESS,
eutrophication,Eutrophication,Environment,mPHDI,NOR,SUCCESS,
eutrophication,Eutrophication,Environment,mPHDI,NPL,SUCCESS,
eutrophication,Eutrophication,Environment,mPHDI,NZL,SUCCESS,
eutrophication,Eutrophication,Environment,mPHDI,OMN,SUCCESS,
eutrophication,Eutrophication,Environment,mPHDI,PAK,SUCCESS,
eutrophication,Eutrophication,Environment,mPHDI,PAN,SUCCESS,
eutrophication,Eutrophication,Environment,mPHDI,PER,SUCCESS,
eutrophication,Eutrophication,Environment,mPHDI,PHL,SUCCESS,
eutrophication,Eutrophication,Environment,mPHDI,PNG,SUCCESS,
eutrophication,Eutrophication,Environment,mPHDI,POL,SUCCESS,
eutrophication,Eutrophication,Environment,mPHDI,PRT,SUCCESS,
eutrophication,Eutrophication,Environment,mPHDI,PRY,SUCCESS,
eutrophication,Eutrophication,Environment,mPHDI,PSE,SUCCESS,
eutrophication,Eutrophication,Environment,mPHDI,QAT,SUCCESS,
eutrophication,Eutrophication,Environment,mPHDI,ROU,SUCCESS,
eutrophication,Eutrophication,Environment,mPHDI,RUS,SUCCESS,
eutrophication,Eutrophication,Environment,mPHDI,RWA,SUCCESS,
eutrophication,Eutrophication,Environment,mPHDI,SAU,SUCCESS,
eutrophication,Eutrophication,Environment,mPHDI,SDN,SUCCESS,
eutrophication,Eutrophication,Environment,mPHDI,SEN,SUCCESS,
eutrophication,Eutrophication,Environment,mPHDI,SGP,SUCCESS,
eutrophication,Eutrophication,Environment,mPHDI,SLB,SUCCESS,
eutrophication,Eutrophication,Environment,mPHDI,SLE,SUCCESS,
eutrophication,Eutrophication,Environment,mPHDI,SLV,SUCCESS,
eutrophication,Eutrophication,Environment,mPHDI,SRB,SUCCESS,
eutrophication,Eutrophication,Environment,mPHDI,SSD,SUCCESS,
eutrophication,Eutrophication,Environment,mPHDI,STP,SUCCESS,
eutrophication,Eutrophication,Environment,mPHDI,SUR,SUCCESS,
eutrophication,Eutrophication,Environment,mPHDI,SVK,SUCCESS,
eutrophication,Eutrophication,Environment,mPHDI,SVN,SUCCESS,
eutrophication,Eutrophication,Environment,mPHDI,SWE,SUCCESS,
eutrophication,Eutrophication,Environment,mPHDI,SWZ,SUCCESS,
eutrophication,Eutrophication,Environment,mPHDI,SYC,SUCCESS,
eutrophication,Eutrophication,Environment,mPHDI,SYR,SUCCESS,
eutrophication,Eutrophication,Environment,mPHDI,TCD,SUCCESS,
eutrophication,Eutrophication,Environment,mPHDI,TGO,SUCCESS,
eutrophication,Eutrophication,Environment,mPHDI,THA,SUCCESS,
eutrophication,Eutrophication,Environment,mPHDI,TJK,SUCCESS,
eutrophication,Eutrophication,Environment,mPHDI,TKM,SUCCESS,
eutrophication,Eutrophication,Environment,mPHDI,TLS,SUCCESS,
eutrophication,Eutrophication,Environment,mPHDI,TON,SUCCESS,
eutrophication,Eutrophication,Environment,mPHDI,TTO,SUCCESS,
eutrophication,Eutrophication,Environment,mPHDI,TUN,SUCCESS,
eutrophication,Eutrophication,Environment,mPHDI,TUR,SUCCESS,
eutrophication,Eutrophication,Environment,mPHDI,TWN,SUCCESS,
eutrophication,Eutrophication,Environment,mPHDI,TZA,SUCCESS,
eutrophication,Eutrophication,Environment,mPHDI,UGA,SUCCESS,
eutrophication,Eutrophication,Environment,mPHDI,UKR,SUCCESS,
eutrophication,Eutrophication,Environment,mPHDI,URY,SUCCESS,
eutrophication,Eutrophication,Environment,mPHDI,USA,SUCCESS,
eutrophication,Eutrophication,Environment,mPHDI,UZB,SUCCESS,
eutrophication,Eutrophication,Environment,mPHDI,VCT,SUCCESS,
eutrophication,Eutrophication,Environment,mPHDI,VEN,SUCCESS,
eutrophication,Eutrophication,Environment,mPHDI,VNM,SUCCESS,
eutrophication,Eutrophication,Environment,mPHDI,VUT,SUCCESS,
eutrophication,Eutrophication,Environment,mPHDI,WSM,SUCCESS,
eutrophication,Eutrophication,Environment,mPHDI,YEM,SUCCESS,
eutrophication,Eutrophication,Environment,mPHDI,ZAF,SUCCESS,
eutrophication,Eutrophication,Environment,mPHDI,ZMB,SUCCESS,
eutrophication,Eutrophication,Environment,mPHDI,ZWE,SUCCESS,
eutrophication,Eutrophication,Environment,MED,AFG,SUCCESS,
eutrophication,Eutrophication,Environment,MED,AGO,SUCCESS,
eutrophication,Eutrophication,Environment,MED,ALB,SUCCESS,
eutrophication,Eutrophication,Environment,MED,ARE,SUCCESS,
eutrophication,Eutrophication,Environment,MED,ARG,SUCCESS,
eutrophication,Eutrophication,Environment,MED,ARM,SUCCESS,
eutrophication,Eutrophication,Environment,MED,ATG,SUCCESS,
eutrophication,Eutrophication,Environment,MED,AUS,SUCCESS,
eutrophication,Eutrophication,Environment,MED,AUT,SUCCESS,
eutrophication,Eutrophication,Environment,MED,AZE,SUCCESS,
eutrophication,Eutrophication,Environment,MED,BDI,SUCCESS,
eutrophication,Eutrophication,Environment,MED,BEL,SUCCESS,
eutrophication,Eutrophication,Environment,MED,BEN,SUCCESS,
eutrophication,Eutrophication,Environment,MED,BFA,SUCCESS,
eutrophication,Eutrophication,Environment,MED,BGD,SUCCESS,
eutrophication,Eutrophication,Environment,MED,BGR,SUCCESS,
eutrophication,Eutrophication,Environment,MED,BHR,SUCCESS,
eutrophication,Eutrophication,Environment,MED,BHS,SUCCESS,
eutrophication,Eutrophication,Environment,MED,BIH,SUCCESS,
eutrophication,Eutrophication,Environment,MED,BLR,SUCCESS,
eutrophication,Eutrophication,Environment,MED,BLZ,SUCCESS,
eutrophication,Eutrophication,Environment,MED,BOL,SUCCESS,
eutrophication,Eutrophication,Environment,MED,BRA,SUCCESS,
eutrophication,Eutrophication,Environment,MED,BRB,SUCCESS,
eutrophication,Eutrophication,Environment,MED,BRN,SUCCESS,
eutrophication,Eutrophication,Environment,MED,BTN,SUCCESS,
eutrophication,Eutrophication,Environment,MED,BWA,SUCCESS,
eutrophication,Eutrophication,Environment,MED,CAF,SUCCESS,
eutrophication,Eutrophication,Environment,MED,CAN,SUCCESS,
eutrophication,Eutrophication,Environment,MED,CHE,SUCCESS,
eutrophication,Eutrophication,Environment,MED,CHL,SUCCESS,
eutrophication,Eutrophication,Environment,MED,CHN,SUCCESS,
eutrophication,Eutrophication,Environment,MED,CIV,SUCCESS,
eutrophication,Eutrophication,Environment,MED,CMR,SUCCESS,
eutrophication,Eutrophication,Environment,MED,COD,SUCCESS,
eutrophication,Eutrophication,Environment,MED,COG,SUCCESS,
eutrophication,Eutrophication,Environment,MED,COL,SUCCESS,
eutrophication,Eutrophication,Environment,MED,COM,SUCCESS,
eutrophication,Eutrophication,Environment,MED,CPV,SUCCESS,
eutrophication,Eutrophication,Environment,MED,CRI,SUCCESS,
eutrophication,Eutrophication,Environment,MED,CUB,SUCCESS,
eutrophication,Eutrophication,Environment,MED,CYP,SUCCESS,
eutrophication,Eutrophication,Environment,MED,CZE,SUCCESS,
eutrophication,Eutrophication,Environment,MED,DEU,SUCCESS,
eutrophication,Eutrophication,Environment,MED,DJI,SUCCESS,
eutrophication,Eutrophication,Environment,MED,DMA,SUCCESS,
eutrophication,Eutrophication,Environment,MED,DNK,SUCCESS,
eutrophication,Eutrophication,Environment,MED,DOM,SUCCESS,
eutrophication,Eutrophication,Environment,MED,DZA,SUCCESS,
eutrophication,Eutrophication,Environment,MED,ECU,SUCCESS,
eutrophication,Eutrophication,Environment,MED,EGY,SUCCESS,
eutrophication,Eutrophication,Environment,MED,ERI,SUCCESS,
eutrophication,Eutrophication,Environment,MED,ESP,SUCCESS,
eutrophication,Eutrophication,Environment,MED,EST,SUCCESS,
eutrophication,Eutrophication,Environment,MED,ETH,SUCCESS,
eutrophication,Eutrophication,Environment,MED,FIN,SUCCESS,
eutrophication,Eutrophication,Environment,MED,FJI,SUCCESS,
eutrophication,Eutrophication,Environment,MED,FRA,SUCCESS,
eutrophication,Eutrophication,Environment,MED,FSM,SUCCESS,
eutrophication,Eutrophication,Environment,MED,GAB,SUCCESS,
eutrophication,Eutrophication,Environment,MED,GBR,SUCCESS,
eutrophication,Eutrophication,Environment,MED,GEO,SUCCESS,
eutrophication,Eutrophication,Environment,MED,GHA,SUCCESS,
eutrophication,Eutrophication,Environment,MED,GIN,SUCCESS,
eutrophication,Eutrophication,Environment,MED,GMB,SUCCESS,
eutrophication,Eutrophication,Environment,MED,GNB,SUCCESS,
eutrophication,Eutrophication,Environment,MED,GNQ,SUCCESS,
eutrophication,Eutrophication,Environment,MED,GRC,SUCCESS,
eutrophication,Eutrophication,Environment,MED,GRD,SUCCESS,
eutrophication,Eutrophication,Environment,MED,GTM,SUCCESS,
eutrophication,Eutrophication,Environment,MED,GUY,SUCCESS,
eutrophication,Eutrophication,Environment,MED,HND,SUCCESS,
eutrophication,Eutrophication,Environment,MED,HRV,SUCCESS,
eutrophication,Eutrophication,Environment,MED,HTI,SUCCESS,
eutrophication,Eutrophication,Environment,MED,HUN,SUCCESS,
eutrophication,Eutrophication,Environment,MED,IDN,SUCCESS,
eutrophication,Eutrophication,Environment,MED,IND,SUCCESS,
eutrophication,Eutrophication,Environment,MED,IRL,SUCCESS,
eutrophication,Eutrophication,Environment,MED,IRN,SUCCESS,
eutrophication,Eutrophication,Environment,MED,IRQ,SUCCESS,
eutrophication,Eutrophication,Environment,MED,ISL,SUCCESS,
eutrophication,Eutrophication,Environment,MED,ISR,SUCCESS,
eutrophication,Eutrophication,Environment,MED,ITA,SUCCESS,
eutrophication,Eutrophication,Environment,MED,JAM,SUCCESS,
eutrophication,Eutrophication,Environment,MED,JOR,SUCCESS,
eutrophication,Eutrophication,Environment,MED,JPN,SUCCESS,
eutrophication,Eutrophication,Environment,MED,KAZ,SUCCESS,
eutrophication,Eutrophication,Environment,MED,KEN,SUCCESS,
eutrophication,Eutrophication,Environment,MED,KGZ,SUCCESS,
eutrophication,Eutrophication,Environment,MED,KHM,SUCCESS,
eutrophication,Eutrophication,Environment,MED,KIR,SUCCESS,
eutrophication,Eutrophication,Environment,MED,KOR,SUCCESS,
eutrophication,Eutrophication,Environment,MED,KWT,SUCCESS,
eutrophication,Eutrophication,Environment,MED,LAO,SUCCESS,
eutrophication,Eutrophication,Environment,MED,LBN,SUCCESS,
eutrophication,Eutrophication,Environment,MED,LBR,SUCCESS,
eutrophication,Eutrophication,Environment,MED,LBY,SUCCESS,
eutrophication,Eutrophication,Environment,MED,LCA,SUCCESS,
eutrophication,Eutrophication,Environment,MED,LKA,SUCCESS,
eutrophication,Eutrophication,Environment,MED,LSO,SUCCESS,
eutrophication,Eutrophication,Environment,MED,LTU,SUCCESS,
eutrophication,Eutrophication,Environment,MED,LUX,SUCCESS,
eutrophication,Eutrophication,Environment,MED,LVA,SUCCESS,
eutrophication,Eutrophication,Environment,MED,MAR,SUCCESS,
eutrophication,Eutrophication,Environment,MED,MDA,SUCCESS,
eutrophication,Eutrophication,Environment,MED,MDG,SUCCESS,
eutrophication,Eutrophication,Environment,MED,MDV,SUCCESS,
eutrophication,Eutrophication,Environment,MED,MEX,SUCCESS,
eutrophication,Eutrophication,Environment,MED,MHL,SUCCESS,
eutrophication,Eutrophication,Environment,MED,MKD,SUCCESS,
eutrophication,Eutrophication,Environment,MED,MLI,SUCCESS,
eutrophication,Eutrophication,Environment,MED,MLT,SUCCESS,
eutrophication,Eutrophication,Environment,MED,MMR,SUCCESS,
eutrophication,Eutrophication,Environment,MED,MNE,SUCCESS,
eutrophication,Eutrophication,Environment,MED,MNG,SUCCESS,
eutrophication,Eutrophication,Environment,MED,MOZ,SUCCESS,
eutrophication,Eutrophication,Environment,MED,MRT,SUCCESS,
eutrophication,Eutrophication,Environment,MED,MUS,SUCCESS,
eutrophication,Eutrophication,Environment,MED,MWI,SUCCESS,
eutrophication,Eutrophication,Environment,MED,MYS,SUCCESS,
eutrophication,Eutrophication,Environment,MED,NAM,SUCCESS,
eutrophication,Eutrophication,Environment,MED,NER,SUCCESS,
eutrophication,Eutrophication,Environment,MED,NGA,SUCCESS,
eutrophication,Eutrophication,Environment,MED,NIC,SUCCESS,
eutrophication,Eutrophication,Environment,MED,NLD,SUCCESS,
eutrophication,Eutrophication,Environment,MED,NOR,SUCCESS,
eutrophication,Eutrophication,Environment,MED,NPL,SUCCESS,
eutrophication,Eutrophication,Environment,MED,NZL,SUCCESS,
eutrophication,Eutrophication,Environment,MED,OMN,SUCCESS,
eutrophication,Eutrophication,Environment,MED,PAK,SUCCESS,
eutrophication,Eutrophication,Environment,MED,PAN,SUCCESS,
eutrophication,Eutrophication,Environment,MED,PER,SUCCESS,
eutrophication,Eutrophication,Environment,MED,PHL,SUCCESS,
eutrophication,Eutrophication,Environment,MED,PNG,SUCCESS,
eutrophication,Eutrophication,Environment,MED,POL,SUCCESS,
eutrophication,Eutrophication,Environment,MED,PRT,SUCCESS,
eutrophication,Eutrophication,Environment,MED,PRY,SUCCESS,
eutrophication,Eutrophication,Environment,MED,PSE,SUCCESS,
eutrophication,Eutrophication,Environment,MED,QAT,SUCCESS,
eutrophication,Eutrophication,Environment,MED,ROU,SUCCESS,
eutrophication,Eutrophication,Environment,MED,RUS,SUCCESS,
eutrophication,Eutrophication,Environment,MED,RWA,SUCCESS,
eutrophication,Eutrophication,Environment,MED,SAU,SUCCESS,
eutrophication,Eutrophication,Environment,MED,SDN,SUCCESS,
eutrophication,Eutrophication,Environment,MED,SEN,SUCCESS,
eutrophication,Eutrophication,Environment,MED,SGP,SUCCESS,
eutrophication,Eutrophication,Environment,MED,SLB,SUCCESS,
eutrophication,Eutrophication,Environment,MED,SLE,SUCCESS,
eutrophication,Eutrophication,Environment,MED,SLV,SUCCESS,
eutrophication,Eutrophication,Environment,MED,SRB,SUCCESS,
eutrophication,Eutrophication,Environment,MED,SSD,SUCCESS,
eutrophication,Eutrophication,Environment,MED,STP,SUCCESS,
eutrophication,Eutrophication,Environment,MED,SUR,SUCCESS,
eutrophication,Eutrophication,Environment,MED,SVK,SUCCESS,
eutrophication,Eutrophication,Environment,MED,SVN,SUCCESS,
eutrophication,Eutrophication,Environment,MED,SWE,SUCCESS,
eutrophication,Eutrophication,Environment,MED,SWZ,SUCCESS,
eutrophication,Eutrophication,Environment,MED,SYC,SUCCESS,
eutrophication,Eutrophication,Environment,MED,SYR,SUCCESS,
eutrophication,Eutrophication,Environment,MED,TCD,SUCCESS,
eutrophication,Eutrophication,Environment,MED,TGO,SUCCESS,
eutrophication,Eutrophication,Environment,MED,THA,SUCCESS,
eutrophication,Eutrophication,Environment,MED,TJK,SUCCESS,
eutrophication,Eutrophication,Environment,MED,TKM,SUCCESS,
eutrophication,Eutrophication,Environment,MED,TLS,SUCCESS,
eutrophication,Eutrophication,Environment,MED,TON,SUCCESS,
eutrophication,Eutrophication,Environment,MED,TTO,SUCCESS,
eutrophication,Eutrophication,Environment,MED,TUN,SUCCESS,
eutrophication,Eutrophication,Environment,MED,TUR,SUCCESS,
eutrophication,Eutrophication,Environment,MED,TWN,SUCCESS,
eutrophication,Eutrophication,Environment,MED,TZA,SUCCESS,
eutrophication,Eutrophication,Environment,MED,UGA,SUCCESS,
eutrophication,Eutrophication,Environment,MED,UKR,SUCCESS,
eutrophication,Eutrophication,Environment,MED,URY,SUCCESS,
eutrophication,Eutrophication,Environment,MED,USA,SUCCESS,
eutrophication,Eutrophication,Environment,MED,UZB,SUCCESS,
eutrophication,Eutrophication,Environment,MED,VCT,SUCCESS,
eutrophication,Eutrophication,Environment,MED,VEN,SUCCESS,
eutrophication,Eutrophication,Environment,MED,VNM,SUCCESS,
eutrophication,Eutrophication,Environment,MED,VUT,SUCCESS,
eutrophication,Eutrophication,Environment,MED,WSM,SUCCESS,
eutrophication,Eutrophication,Environment,MED,YEM,SUCCESS,
eutrophication,Eutrophication,Environment,MED,ZAF,SUCCESS,
eutrophication,Eutrophication,Environment,MED,ZMB,SUCCESS,
eutrophication,Eutrophication,Environment,MED,ZWE,SUCCESS,
eutrophication,Eutrophication,Environment,DASH,AFG,SUCCESS,
eutrophication,Eutrophication,Environment,DASH,AGO,SUCCESS,
eutrophication,Eutrophication,Environment,DASH,ALB,SUCCESS,
eutrophication,Eutrophication,Environment,DASH,ARE,SUCCESS,
eutrophication,Eutrophication,Environment,DASH,ARG,SUCCESS,
eutrophication,Eutrophication,Environment,DASH,ARM,SUCCESS,
eutrophication,Eutrophication,Environment,DASH,ATG,SUCCESS,
eutrophication,Eutrophication,Environment,DASH,AUS,SUCCESS,
eutrophication,Eutrophication,Environment,DASH,AUT,SUCCESS,
eutrophication,Eutrophication,Environment,DASH,AZE,SUCCESS,
eutrophication,Eutrophication,Environment,DASH,BDI,SUCCESS,
eutrophication,Eutrophication,Environment,DASH,BEL,SUCCESS,
eutrophication,Eutrophication,Environment,DASH,BEN,SUCCESS,
eutrophication,Eutrophication,Environment,DASH,BFA,SUCCESS,
eutrophication,Eutrophication,Environment,DASH,BGD,SUCCESS,
eutrophication,Eutrophication,Environment,DASH,BGR,SUCCESS,
eutrophication,Eutrophication,Environment,DASH,BHR,SUCCESS,
eutrophication,Eutrophication,Environment,DASH,BHS,SUCCESS,
eutrophication,Eutrophication,Environment,DASH,BIH,SUCCESS,
eutrophication,Eutrophication,Environment,DASH,BLR,SUCCESS,
eutrophication,Eutrophication,Environment,DASH,BLZ,SUCCESS,
eutrophication,Eutrophication,Environment,DASH,BOL,SUCCESS,
eutrophication,Eutrophication,Environment,DASH,BRA,SUCCESS,
eutrophication,Eutrophication,Environment,DASH,BRB,SUCCESS,
eutrophication,Eutrophication,Environment,DASH,BRN,SUCCESS,
eutrophication,Eutrophication,Environment,DASH,BTN,SUCCESS,
eutrophication,Eutrophication,Environment,DASH,BWA,SUCCESS,
eutrophication,Eutrophication,Environment,DASH,CAF,SUCCESS,
eutrophication,Eutrophication,Environment,DASH,CAN,SUCCESS,
eutrophication,Eutrophication,Environment,DASH,CHE,SUCCESS,
eutrophication,Eutrophication,Environment,DASH,CHL,SUCCESS,
eutrophication,Eutrophication,Environment,DASH,CHN,SUCCESS,
eutrophication,Eutrophication,Environment,DASH,CIV,SUCCESS,
eutrophication,Eutrophication,Environment,DASH,CMR,SUCCESS,
eutrophication,Eutrophication,Environment,DASH,COD,SUCCESS,
eutrophication,Eutrophication,Environment,DASH,COG,SUCCESS,
eutrophication,Eutrophication,Environment,DASH,COL,SUCCESS,
eutrophication,Eutrophication,Environment,DASH,COM,SUCCESS,
eutrophication,Eutrophication,Environment,DASH,CPV,SUCCESS,
eutrophication,Eutrophication,Environment,DASH,CRI,SUCCESS,
eutrophication,Eutrophication,Environment,DASH,CUB,SUCCESS,
eutrophication,Eutrophication,Environment,DASH,CYP,SUCCESS,
eutrophication,Eutrophication,Environment,DASH,CZE,SUCCESS,
eutrophication,Eutrophication,Environment,DASH,DEU,SUCCESS,
eutrophication,Eutrophication,Environment,DASH,DJI,SUCCESS,
eutrophication,Eutrophication,Environment,DASH,DMA,SUCCESS,
eutrophication,Eutrophication,Environment,DASH,DNK,SUCCESS,
eutrophication,Eutrophication,Environment,DASH,DOM,SUCCESS,
eutrophication,Eutrophication,Environment,DASH,DZA,SUCCESS,
eutrophication,Eutrophication,Environment,DASH,ECU,SUCCESS,
eutrophication,Eutrophication,Environment,DASH,EGY,SUCCESS,
eutrophication,Eutrophication,Environment,DASH,ERI,SUCCESS,
eutrophication,Eutrophication,Environment,DASH,ESP,SUCCESS,
eutrophication,Eutrophication,Environment,DASH,EST,SUCCESS,
eutrophication,Eutrophication,Environment,DASH,ETH,SUCCESS,
eutrophication,Eutrophication,Environment,DASH,FIN,SUCCESS,
eutrophication,Eutrophication,Environment,DASH,FJI,SUCCESS,
eutrophication,Eutrophication,Environment,DASH,FRA,SUCCESS,
eutrophication,Eutrophication,Environment,DASH,FSM,SUCCESS,
eutrophication,Eutrophication,Environment,DASH,GAB,SUCCESS,
eutrophication,Eutrophication,Environment,DASH,GBR,SUCCESS,
eutrophication,Eutrophication,Environment,DASH,GEO,SUCCESS,
eutrophication,Eutrophication,Environment,DASH,GHA,SUCCESS,
eutrophication,Eutrophication,Environment,DASH,GIN,SUCCESS,
eutrophication,Eutrophication,Environment,DASH,GMB,SUCCESS,
eutrophication,Eutrophication,Environment,DASH,GNB,SUCCESS,
eutrophication,Eutrophication,Environment,DASH,GNQ,SUCCESS,
eutrophication,Eutrophication,Environment,DASH,GRC,SUCCESS,
eutrophication,Eutrophication,Environment,DASH,GRD,SUCCESS,
eutrophication,Eutrophication,Environment,DASH,GTM,SUCCESS,
eutrophication,Eutrophication,Environment,DASH,GUY,SUCCESS,
eutrophication,Eutrophication,Environment,DASH,HND,SUCCESS,
eutrophication,Eutrophication,Environment,DASH,HRV,SUCCESS,
eutrophication,Eutrophication,Environment,DASH,HTI,SUCCESS,
eutrophication,Eutrophication,Environment,DASH,HUN,SUCCESS,
eutrophication,Eutrophication,Environment,DASH,IDN,SUCCESS,
eutrophication,Eutrophication,Environment,DASH,IND,SUCCESS,
eutrophication,Eutrophication,Environment,DASH,IRL,SUCCESS,
eutrophication,Eutrophication,Environment,DASH,IRN,SUCCESS,
eutrophication,Eutrophication,Environment,DASH,IRQ,SUCCESS,
eutrophication,Eutrophication,Environment,DASH,ISL,SUCCESS,
eutrophication,Eutrophication,Environment,DASH,ISR,SUCCESS,
eutrophication,Eutrophication,Environment,DASH,ITA,SUCCESS,
eutrophication,Eutrophication,Environment,DASH,JAM,SUCCESS,
eutrophication,Eutrophication,Environment,DASH,JOR,SUCCESS,
eutrophication,Eutrophication,Environment,DASH,JPN,SUCCESS,
eutrophication,Eutrophication,Environment,DASH,KAZ,SUCCESS,
eutrophication,Eutrophication,Environment,DASH,KEN,SUCCESS,
eutrophication,Eutrophication,Environment,DASH,KGZ,SUCCESS,
eutrophication,Eutrophication,Environment,DASH,KHM,SUCCESS,
eutrophication,Eutrophication,Environment,DASH,KIR,SUCCESS,
eutrophication,Eutrophication,Environment,DASH,KOR,SUCCESS,
eutrophication,Eutrophication,Environment,DASH,KWT,SUCCESS,
eutrophication,Eutrophication,Environment,DASH,LAO,SUCCESS,
eutrophication,Eutrophication,Environment,DASH,LBN,SUCCESS,
eutrophication,Eutrophication,Environment,DASH,LBR,SUCCESS,
eutrophication,Eutrophication,Environment,DASH,LBY,SUCCESS,
eutrophication,Eutrophication,Environment,DASH,LCA,SUCCESS,
eutrophication,Eutrophication,Environment,DASH,LKA,SUCCESS,
eutrophication,Eutrophication,Environment,DASH,LSO,SUCCESS,
eutrophication,Eutrophication,Environment,DASH,LTU,SUCCESS,
eutrophication,Eutrophication,Environment,DASH,LUX,SUCCESS,
eutrophication,Eutrophication,Environment,DASH,LVA,SUCCESS,
eutrophication,Eutrophication,Environment,DASH,MAR,SUCCESS,
eutrophication,Eutrophication,Environment,DASH,MDA,SUCCESS,
eutrophication,Eutrophication,Environment,DASH,MDG,SUCCESS,
eutrophication,Eutrophication,Environment,DASH,MDV,SUCCESS,
eutrophication,Eutrophication,Environment,DASH,MEX,SUCCESS,
eutrophication,Eutrophication,Environment,DASH,MHL,SUCCESS,
eutrophication,Eutrophication,Environment,DASH,MKD,SUCCESS,
eutrophication,Eutrophication,Environment,DASH,MLI,SUCCESS,
eutrophication,Eutrophication,Environment,DASH,MLT,SUCCESS,
eutrophication,Eutrophication,Environment,DASH,MMR,SUCCESS,
eutrophication,Eutrophication,Environment,DASH,MNE,SUCCESS,
eutrophication,Eutrophication,Environment,DASH,MNG,SUCCESS,
eutrophication,Eutrophication,Environment,DASH,MOZ,SUCCESS,
eutrophication,Eutrophication,Environment,DASH,MRT,SUCCESS,
eutrophication,Eutrophication,Environment,DASH,MUS,SUCCESS,
eutrophication,Eutrophication,Environment,DASH,MWI,SUCCESS,
eutrophication,Eutrophication,Environment,DASH,MYS,SUCCESS,
eutrophication,Eutrophication,Environment,DASH,NAM,SUCCESS,
eutrophication,Eutrophication,Environment,DASH,NER,SUCCESS,
eutrophication,Eutrophication,Environment,DASH,NGA,SUCCESS,
eutrophication,Eutrophication,Environment,DASH,NIC,SUCCESS,
eutrophication,Eutrophication,Environment,DASH,NLD,SUCCESS,
eutrophication,Eutrophication,Environment,DASH,NOR,SUCCESS,
eutrophication,Eutrophication,Environment,DASH,NPL,SUCCESS,
eutrophication,Eutrophication,Environment,DASH,NZL,SUCCESS,
eutrophication,Eutrophication,Environment,DASH,OMN,SUCCESS,
eutrophication,Eutrophication,Environment,DASH,PAK,SUCCESS,
eutrophication,Eutrophication,Environment,DASH,PAN,SUCCESS,
eutrophication,Eutrophication,Environment,DASH,PER,SUCCESS,
eutrophication,Eutrophication,Environment,DASH,PHL,SUCCESS,
eutrophication,Eutrophication,Environment,DASH,PNG,SUCCESS,
eutrophication,Eutrophication,Environment,DASH,POL,SUCCESS,
eutrophication,Eutrophication,Environment,DASH,PRT,SUCCESS,
eutrophication,Eutrophication,Environment,DASH,PRY,SUCCESS,
eutrophication,Eutrophication,Environment,DASH,PSE,SUCCESS,
eutrophication,Eutrophication,Environment,DASH,QAT,SUCCESS,
eutrophication,Eutrophication,Environment,DASH,ROU,SUCCESS,
eutrophication,Eutrophication,Environment,DASH,RUS,SUCCESS,
eutrophication,Eutrophication,Environment,DASH,RWA,SUCCESS,
eutrophication,Eutrophication,Environment,DASH,SAU,SUCCESS,
eutrophication,Eutrophication,Environment,DASH,SDN,SUCCESS,
eutrophication,Eutrophication,Environment,DASH,SEN,SUCCESS,
eutrophication,Eutrophication,Environment,DASH,SGP,SUCCESS,
eutrophication,Eutrophication,Environment,DASH,SLB,SUCCESS,
eutrophication,Eutrophication,Environment,DASH,SLE,SUCCESS,
eutrophication,Eutrophication,Environment,DASH,SLV,SUCCESS,
eutrophication,Eutrophication,Environment,DASH,SRB,SUCCESS,
eutrophication,Eutrophication,Environment,DASH,SSD,SUCCESS,
eutrophication,Eutrophication,Environment,DASH,STP,SUCCESS,
eutrophication,Eutrophication,Environment,DASH,SUR,SUCCESS,
eutrophication,Eutrophication,Environment,DASH,SVK,SUCCESS,
eutrophication,Eutrophication,Environment,DASH,SVN,SUCCESS,
eutrophication,Eutrophication,Environment,DASH,SWE,SUCCESS,
eutrophication,Eutrophication,Environment,DASH,SWZ,SUCCESS,
eutrophication,Eutrophication,Environment,DASH,SYC,SUCCESS,
eutrophication,Eutrophication,Environment,DASH,SYR,SUCCESS,
eutrophication,Eutrophication,Environment,DASH,TCD,SUCCESS,
eutrophication,Eutrophication,Environment,DASH,TGO,SUCCESS,
eutrophication,Eutrophication,Environment,DASH,THA,SUCCESS,
eutrophication,Eutrophication,Environment,DASH,TJK,SUCCESS,
eutrophication,Eutrophication,Environment,DASH,TKM,SUCCESS,
eutrophication,Eutrophication,Environment,DASH,TLS,SUCCESS,
eutrophication,Eutrophication,Environment,DASH,TON,SUCCESS,
eutrophication,Eutrophication,Environment,DASH,TTO,SUCCESS,
eutrophication,Eutrophication,Environment,DASH,TUN,SUCCESS,
eutrophication,Eutrophication,Environment,DASH,TUR,SUCCESS,
eutrophication,Eutrophication,Environment,DASH,TWN,SUCCESS,
eutrophication,Eutrophication,Environment,DASH,TZA,SUCCESS,
eutrophication,Eutrophication,Environment,DASH,UGA,SUCCESS,
eutrophication,Eutrophication,Environment,DASH,UKR,SUCCESS,
eutrophication,Eutrophication,Environment,DASH,URY,SUCCESS,
eutrophication,Eutrophication,Environment,DASH,USA,SUCCESS,
eutrophication,Eutrophication,Environment,DASH,UZB,SUCCESS,
eutrophication,Eutrophication,Environment,DASH,VCT,SUCCESS,
eutrophication,Eutrophication,Environment,DASH,VEN,SUCCESS,
eutrophication,Eutrophication,Environment,DASH,VNM,SUCCESS,
eutrophication,Eutrophication,Environment,DASH,VUT,SUCCESS,
eutrophication,Eutrophication,Environment,DASH,WSM,SUCCESS,
eutrophication,Eutrophication,Environment,DASH,YEM,SUCCESS,
eutrophication,Eutrophication,Environment,DASH,ZAF,SUCCESS,
eutrophication,Eutrophication,Environment,DASH,ZMB,SUCCESS,
eutrophication,Eutrophication,Environment,DASH,ZWE,SUCCESS,
eutrophication,Eutrophication,Environment,AHEI,AFG,SUCCESS,
eutrophication,Eutrophication,Environment,AHEI,AGO,SUCCESS,
eutrophication,Eutrophication,Environment,AHEI,ALB,SUCCESS,
eutrophication,Eutrophication,Environment,AHEI,ARE,SUCCESS,
eutrophication,Eutrophication,Environment,AHEI,ARG,SUCCESS,
eutrophication,Eutrophication,Environment,AHEI,ARM,SUCCESS,
eutrophication,Eutrophication,Environment,AHEI,ATG,SUCCESS,
eutrophication,Eutrophication,Environment,AHEI,AUS,SUCCESS,
eutrophication,Eutrophication,Environment,AHEI,AUT,SUCCESS,
eutrophication,Eutrophication,Environment,AHEI,AZE,SUCCESS,
eutrophication,Eutrophication,Environment,AHEI,BDI,SUCCESS,
eutrophication,Eutrophication,Environment,AHEI,BEL,SUCCESS,
eutrophication,Eutrophication,Environment,AHEI,BEN,SUCCESS,
eutrophication,Eutrophication,Environment,AHEI,BFA,SUCCESS,
eutrophication,Eutrophication,Environment,AHEI,BGD,SUCCESS,
eutrophication,Eutrophication,Environment,AHEI,BGR,SUCCESS,
eutrophication,Eutrophication,Environment,AHEI,BHR,SUCCESS,
eutrophication,Eutrophication,Environment,AHEI,BHS,SUCCESS,
eutrophication,Eutrophication,Environment,AHEI,BIH,SUCCESS,
eutrophication,Eutrophication,Environment,AHEI,BLR,SUCCESS,
eutrophication,Eutrophication,Environment,AHEI,BLZ,SUCCESS,
eutrophication,Eutrophication,Environment,AHEI,BOL,SUCCESS,
eutrophication,Eutrophication,Environment,AHEI,BRA,SUCCESS,
eutrophication,Eutrophication,Environment,AHEI,BRB,SUCCESS,
eutrophication,Eutrophication,Environment,AHEI,BRN,SUCCESS,
eutrophication,Eutrophication,Environment,AHEI,BTN,SUCCESS,
eutrophication,Eutrophication,Environment,AHEI,BWA,SUCCESS,
eutrophication,Eutrophication,Environment,AHEI,CAF,SUCCESS,
eutrophication,Eutrophication,Environment,AHEI,CAN,SUCCESS,
eutrophication,Eutrophication,Environment,AHEI,CHE,SUCCESS,
eutrophication,Eutrophication,Environment,AHEI,CHL,SUCCESS,
eutrophication,Eutrophication,Environment,AHEI,CHN,SUCCESS,
eutrophication,Eutrophication,Environment,AHEI,CIV,SUCCESS,
eutrophication,Eutrophication,Environment,AHEI,CMR,SUCCESS,
eutrophication,Eutrophication,Environment,AHEI,COD,SUCCESS,
eutrophication,Eutrophication,Environment,AHEI,COG,SUCCESS,
eutrophication,Eutrophication,Environment,AHEI,COL,SUCCESS,
eutrophication,Eutrophication,Environment,AHEI,COM,SUCCESS,
eutrophication,Eutrophication,Environment,AHEI,CPV,SUCCESS,
eutrophication,Eutrophication,Environment,AHEI,CRI,SUCCESS,
eutrophication,Eutrophication,Environment,AHEI,CUB,SUCCESS,
eutrophication,Eutrophication,Environment,AHEI,CYP,SUCCESS,
eutrophication,Eutrophication,Environment,AHEI,CZE,SUCCESS,
eutrophication,Eutrophication,Environment,AHEI,DEU,SUCCESS,
eutrophication,Eutrophication,Environment,AHEI,DJI,SUCCESS,
eutrophication,Eutrophication,Environment,AHEI,DMA,SUCCESS,
eutrophication,Eutrophication,Environment,AHEI,DNK,SUCCESS,
eutrophication,Eutrophication,Environment,AHEI,DOM,SUCCESS,
eutrophication,Eutrophication,Environment,AHEI,DZA,SUCCESS,
eutrophication,Eutrophication,Environment,AHEI,ECU,SUCCESS,
eutrophication,Eutrophication,Environment,AHEI,EGY,SUCCESS,
eutrophication,Eutrophication,Environment,AHEI,ERI,SUCCESS,
eutrophication,Eutrophication,Environment,AHEI,ESP,SUCCESS,
eutrophication,Eutrophication,Environment,AHEI,EST,SUCCESS,
eutrophication,Eutrophication,Environment,AHEI,ETH,SUCCESS,
eutrophication,Eutrophication,Environment,AHEI,FIN,SUCCESS,
eutrophication,Eutrophication,Environment,AHEI,FJI,SUCCESS,
eutrophication,Eutrophication,Environment,AHEI,FRA,SUCCESS,
eutrophication,Eutrophication,Environment,AHEI,FSM,SUCCESS,
eutrophication,Eutrophication,Environment,AHEI,GAB,SUCCESS,
eutrophication,Eutrophication,Environment,AHEI,GBR,SUCCESS,
eutrophication,Eutrophication,Environment,AHEI,GEO,SUCCESS,
eutrophication,Eutrophication,Environment,AHEI,GHA,SUCCESS,
eutrophication,Eutrophication,Environment,AHEI,GIN,SUCCESS,
eutrophication,Eutrophication,Environment,AHEI,GMB,SUCCESS,
eutrophication,Eutrophication,Environment,AHEI,GNB,SUCCESS,
eutrophication,Eutrophication,Environment,AHEI,GNQ,SUCCESS,
eutrophication,Eutrophication,Environment,AHEI,GRC,SUCCESS,
eutrophication,Eutrophication,Environment,AHEI,GRD,SUCCESS,
eutrophication,Eutrophication,Environment,AHEI,GTM,SUCCESS,
eutrophication,Eutrophication,Environment,AHEI,GUY,SUCCESS,
eutrophication,Eutrophication,Environment,AHEI,HND,SUCCESS,
eutrophication,Eutrophication,Environment,AHEI,HRV,SUCCESS,
eutrophication,Eutrophication,Environment,AHEI,HTI,SUCCESS,
eutrophication,Eutrophication,Environment,AHEI,HUN,SUCCESS,
eutrophication,Eutrophication,Environment,AHEI,IDN,SUCCESS,
eutrophication,Eutrophication,Environment,AHEI,IND,SUCCESS,
eutrophication,Eutrophication,Environment,AHEI,IRL,SUCCESS,
eutrophication,Eutrophication,Environment,AHEI,IRN,SUCCESS,
eutrophication,Eutrophication,Environment,AHEI,IRQ,SUCCESS,
eutrophication,Eutrophication,Environment,AHEI,ISL,SUCCESS,
eutrophication,Eutrophication,Environment,AHEI,ISR,SUCCESS,
eutrophication,Eutrophication,Environment,AHEI,ITA,SUCCESS,
eutrophication,Eutrophication,Environment,AHEI,JAM,SUCCESS,
eutrophication,Eutrophication,Environment,AHEI,JOR,SUCCESS,
eutrophication,Eutrophication,Environment,AHEI,JPN,SUCCESS,
eutrophication,Eutrophication,Environment,AHEI,KAZ,SUCCESS,
eutrophication,Eutrophication,Environment,AHEI,KEN,SUCCESS,
eutrophication,Eutrophication,Environment,AHEI,KGZ,SUCCESS,
eutrophication,Eutrophication,Environment,AHEI,KHM,SUCCESS,
eutrophication,Eutrophication,Environment,AHEI,KIR,SUCCESS,
eutrophication,Eutrophication,Environment,AHEI,KOR,SUCCESS,
eutrophication,Eutrophication,Environment,AHEI,KWT,SUCCESS,
eutrophication,Eutrophication,Environment,AHEI,LAO,SUCCESS,
eutrophication,Eutrophication,Environment,AHEI,LBN,SUCCESS,
eutrophication,Eutrophication,Environment,AHEI,LBR,SUCCESS,
eutrophication,Eutrophication,Environment,AHEI,LBY,SUCCESS,
eutrophication,Eutrophication,Environment,AHEI,LCA,SUCCESS,
eutrophication,Eutrophication,Environment,AHEI,LKA,SUCCESS,
eutrophication,Eutrophication,Environment,AHEI,LSO,SUCCESS,
eutrophication,Eutrophication,Environment,AHEI,LTU,SUCCESS,
eutrophication,Eutrophication,Environment,AHEI,LUX,SUCCESS,
eutrophication,Eutrophication,Environment,AHEI,LVA,SUCCESS,
eutrophication,Eutrophication,Environment,AHEI,MAR,SUCCESS,
eutrophication,Eutrophication,Environment,AHEI,MDA,SUCCESS,
eutrophication,Eutrophication,Environment,AHEI,MDG,SUCCESS,
eutrophication,Eutrophication,Environment,AHEI,MDV,SUCCESS,
eutrophication,Eutrophication,Environment,AHEI,MEX,SUCCESS,
eutrophication,Eutrophication,Environment,AHEI,MHL,SUCCESS,
eutrophication,Eutrophication,Environment,AHEI,MKD,SUCCESS,
eutrophication,Eutrophication,Environment,AHEI,MLI,SUCCESS,
eutrophication,Eutrophication,Environment,AHEI,MLT,SUCCESS,
eutrophication,Eutrophication,Environment,AHEI,MMR,SUCCESS,
eutrophication,Eutrophication,Environment,AHEI,MNE,SUCCESS,
eutrophication,Eutrophication,Environment,AHEI,MNG,SUCCESS,
eutrophication,Eutrophication,Environment,AHEI,MOZ,SUCCESS,
eutrophication,Eutrophication,Environment,AHEI,MRT,SUCCESS,
eutrophication,Eutrophication,Environment,AHEI,MUS,SUCCESS,
eutrophication,Eutrophication,Environment,AHEI,MWI,SUCCESS,
eutrophication,Eutrophication,Environment,AHEI,MYS,SUCCESS,
eutrophication,Eutrophication,Environment,AHEI,NAM,SUCCESS,
eutrophication,Eutrophication,Environment,AHEI,NER,SUCCESS,
eutrophication,Eutrophication,Environment,AHEI,NGA,SUCCESS,
eutrophication,Eutrophication,Environment,AHEI,NIC,SUCCESS,
eutrophication,Eutrophication,Environment,AHEI,NLD,SUCCESS,
eutrophication,Eutrophication,Environment,AHEI,NOR,SUCCESS,
eutrophication,Eutrophication,Environment,AHEI,NPL,SUCCESS,
eutrophication,Eutrophication,Environment,AHEI,NZL,SUCCESS,
eutrophication,Eutrophication,Environment,AHEI,OMN,SUCCESS,
eutrophication,Eutrophication,Environment,AHEI,PAK,SUCCESS,
eutrophication,Eutrophication,Environment,AHEI,PAN,SUCCESS,
eutrophication,Eutrophication,Environment,AHEI,PER,SUCCESS,
eutrophication,Eutrophication,Environment,AHEI,PHL,SUCCESS,
eutrophication,Eutrophication,Environment,AHEI,PNG,SUCCESS,
eutrophication,Eutrophication,Environment,AHEI,POL,SUCCESS,
eutrophication,Eutrophication,Environment,AHEI,PRT,SUCCESS,
eutrophication,Eutrophication,Environment,AHEI,PRY,SUCCESS,
eutrophication,Eutrophication,Environment,AHEI,PSE,SUCCESS,
eutrophication,Eutrophication,Environment,AHEI,QAT,SUCCESS,
eutrophication,Eutrophication,Environment,AHEI,ROU,SUCCESS,
eutrophication,Eutrophication,Environment,AHEI,RUS,SUCCESS,
eutrophication,Eutrophication,Environment,AHEI,RWA,SUCCESS,
eutrophication,Eutrophication,Environment,AHEI,SAU,SUCCESS,
eutrophication,Eutrophication,Environment,AHEI,SDN,SUCCESS,
eutrophication,Eutrophication,Environment,AHEI,SEN,SUCCESS,
eutrophication,Eutrophication,Environment,AHEI,SGP,SUCCESS,
eutrophication,Eutrophication,Environment,AHEI,SLB,SUCCESS,
eutrophication,Eutrophication,Environment,AHEI,SLE,SUCCESS,
eutrophication,Eutrophication,Environment,AHEI,SLV,SUCCESS,
eutrophication,Eutrophication,Environment,AHEI,SRB,SUCCESS,
eutrophication,Eutrophication,Environment,AHEI,SSD,SUCCESS,
eutrophication,Eutrophication,Environment,AHEI,STP,SUCCESS,
eutrophication,Eutrophication,Environment,AHEI,SUR,SUCCESS,
eutrophication,Eutrophication,Environment,AHEI,SVK,SUCCESS,
eutrophication,Eutrophication,Environment,AHEI,SVN,SUCCESS,
eutrophication,Eutrophication,Environment,AHEI,SWE,SUCCESS,
eutrophication,Eutrophication,Environment,AHEI,SWZ,SUCCESS,
eutrophication,Eutrophication,Environment,AHEI,SYC,SUCCESS,
eutrophication,Eutrophication,Environment,AHEI,SYR,SUCCESS,
eutrophication,Eutrophication,Environment,AHEI,TCD,SUCCESS,
eutrophication,Eutrophication,Environment,AHEI,TGO,SUCCESS,
eutrophication,Eutrophication,Environment,AHEI,THA,SUCCESS,
eutrophication,Eutrophication,Environment,AHEI,TJK,SUCCESS,
eutrophication,Eutrophication,Environment,AHEI,TKM,SUCCESS,
eutrophication,Eutrophication,Environment,AHEI,TLS,SUCCESS,
eutrophication,Eutrophication,Environment,AHEI,TON,SUCCESS,
eutrophication,Eutrophication,Environment,AHEI,TTO,SUCCESS,
eutrophication,Eutrophication,Environment,AHEI,TUN,SUCCESS,
eutrophication,Eutrophication,Environment,AHEI,TUR,SUCCESS,
eutrophication,Eutrophication,Environment,AHEI,TWN,SUCCESS,
eutrophication,Eutrophication,Environment,AHEI,TZA,SUCCESS,
eutrophication,Eutrophication,Environment,AHEI,UGA,SUCCESS,
eutrophication,Eutrophication,Environment,AHEI,UKR,SUCCESS,
eutrophication,Eutrophication,Environment,AHEI,URY,SUCCESS,
eutrophication,Eutrophication,Environment,AHEI,USA,SUCCESS,
eutrophication,Eutrophication,Environment,AHEI,UZB,SUCCESS,
eutrophication,Eutrophication,Environment,AHEI,VCT,SUCCESS,
eutrophication,Eutrophication,Environment,AHEI,VEN,SUCCESS,
eutrophication,Eutrophication,Environment,AHEI,VNM,SUCCESS,
eutrophication,Eutrophication,Environment,AHEI,VUT,SUCCESS,
eutrophication,Eutrophication,Environment,AHEI,WSM,SUCCESS,
eutrophication,Eutrophication,Environment,AHEI,YEM,SUCCESS,
eutrophication,Eutrophication,Environment,AHEI,ZAF,SUCCESS,
eutrophication,Eutrophication,Environment,AHEI,ZMB,SUCCESS,
eutrophication,Eutrophication,Environment,AHEI,ZWE,SUCCESS,
